Id,Rating,Recommended
21403,2,1
22553,5,0
17436,1,1
4293,1,0
20149,4,0
22513,4,0
10583,2,1
1732,3,0
19131,2,1
14134,5,1
1133,1,1
8946,4,1
4416,5,0
9002,5,1
8500,4,1
14575,1,0
17161,5,0
21849,3,1
3643,5,0
12395,4,1
23343,5,1
5892,5,1
5243,3,1
15083,1,0
19157,3,1
22935,5,0
3444,1,1
21129,2,1
18333,1,1
13217,3,0
11197,1,1
11723,4,1
11149,4,1
23063,3,1
16132,4,1
11946,5,1
19240,1,0
1482,5,1
15410,1,0
8648,1,0
12373,5,1
13829,3,0
7109,4,1
2717,1,0
11637,5,0
11634,1,1
8962,3,1
14886,4,1
11379,1,0
15271,3,0
8957,4,0
1630,3,0
15009,3,1
22576,5,0
1340,1,0
2286,3,1
16835,3,0
20192,3,0
9418,5,0
14146,1,1
10978,1,0
7989,3,1
17688,4,0
23226,3,1
2195,1,1
2293,3,0
6115,3,1
6586,3,0
3729,2,0
22829,3,0
20526,5,1
18540,3,0
12405,2,0
10535,5,1
10357,2,1
11024,4,1
19267,3,1
6260,3,0
7747,4,1
14186,3,1
17441,2,0
6715,1,1
526,1,1
15703,3,1
15761,1,1
10658,1,1
4332,5,1
16386,5,1
12592,3,1
14580,4,0
11649,1,1
7978,2,0
13065,4,0
12502,4,0
6796,4,1
21960,1,1
19109,2,1
10620,2,0
10112,4,1
4337,4,0
17406,5,1
2982,2,1
462,3,0
22448,5,0
15811,4,1
19638,4,0
19302,1,1
10968,4,1
3453,2,0
15194,2,0
16236,5,0
17556,1,1
1077,2,1
19551,1,1
6638,2,0
5277,3,1
18154,4,0
2418,2,0
1441,3,0
15032,3,0
21391,4,1
8525,5,0
22122,1,0
13328,2,0
5155,3,1
19529,3,0
14250,3,1
14648,3,0
1435,1,1
15349,4,1
21283,4,1
19147,2,0
19169,3,0
16987,2,0
4127,5,1
802,4,0
10935,1,0
728,2,1
1583,2,0
17121,1,1
720,3,1
12047,1,0
23411,1,0
19130,4,0
14627,2,0
7899,1,0
21803,3,0
18989,4,1
2336,3,1
21384,4,1
9652,4,1
23023,3,1
701,2,0
9673,5,1
6135,4,0
11398,1,0
10028,4,1
8562,4,1
10529,5,1
18026,4,0
14989,4,0
13135,3,0
15569,3,0
19800,1,0
13559,4,1
17389,1,0
12602,5,0
4112,3,1
18059,1,1
21551,2,0
19739,2,1
11248,5,0
8862,5,1
19744,4,0
21698,4,0
19392,2,0
4452,3,0
20585,3,1
20366,5,0
5341,4,0
14060,4,1
21476,2,0
18453,3,0
6138,4,1
12044,5,0
22381,1,1
17015,1,1
14946,1,1
22776,3,1
19125,1,0
2238,3,0
14525,3,0
20954,2,1
706,5,0
21488,3,0
9225,2,1
2963,5,0
6598,4,0
5537,4,0
2541,1,1
3126,3,1
17093,3,1
14572,4,1
1092,3,0
1508,3,1
4644,4,1
17896,5,0
16881,3,1
7044,5,1
14062,5,1
549,3,0
13642,1,1
9700,3,0
12532,3,1
13823,2,0
1503,2,0
3418,5,0
1823,1,1
20102,4,0
21545,4,0
2329,2,0
5916,1,0
17795,2,1
1702,2,0
10685,1,1
21294,2,0
11295,4,0
6594,1,1
8224,2,1
14339,5,0
22174,4,1
23126,3,1
12230,3,1
1312,5,1
19765,5,1
14868,3,0
5664,2,0
8504,1,0
8186,1,0
9300,2,1
4317,5,0
13342,2,1
18935,2,0
2741,4,0
9974,5,1
13246,5,1
9777,4,1
13255,4,0
6859,2,0
6992,1,1
6131,3,1
19122,3,1
15614,1,1
13683,5,0
4359,2,0
4957,1,0
21652,4,0
10181,3,1
6682,5,1
8867,4,1
7926,2,0
15822,5,1
22051,4,1
15281,2,0
12582,4,1
11406,3,0
20926,5,1
3675,4,0
12156,3,1
20975,1,0
11854,5,1
22108,2,1
19183,4,0
9493,4,0
18431,2,0
10099,1,1
14762,1,0
23364,5,1
18623,1,1
17185,4,0
14823,2,1
3708,5,0
5996,1,1
20701,2,0
5831,3,0
10214,5,0
700,5,1
9153,4,1
9643,2,1
8951,5,1
8757,1,1
2468,3,0
18420,1,1
20737,2,0
8706,1,0
10596,2,0
21605,2,1
2817,5,0
14056,3,1
10319,3,0
18192,4,0
11271,1,1
18070,1,1
7541,3,1
4708,1,1
10726,1,1
18087,5,1
10020,2,1
17040,3,1
6568,1,0
21615,3,0
321,4,0
523,3,1
19409,2,0
565,1,0
15915,3,0
2311,2,0
1795,1,1
7374,5,0
901,4,1
16577,3,0
19515,1,1
9126,4,0
19868,4,0
8609,5,1
13531,4,0
7037,2,0
3839,5,1
15534,5,0
13291,3,0
13264,2,1
7633,3,1
23365,2,1
7867,3,0
1860,3,0
7542,3,1
18918,1,1
17589,3,1
21641,3,0
3755,2,1
18909,5,1
830,4,0
13741,3,1
21908,3,0
17792,4,0
2401,1,0
11735,2,0
20210,3,1
19401,2,0
22475,3,0
4895,1,0
11330,2,1
110,1,1
20570,4,0
15061,5,1
5047,1,0
20499,4,0
524,2,1
4660,4,0
16183,3,1
7656,4,1
1356,4,0
3895,3,1
8139,5,0
2059,3,0
6686,5,0
23005,3,0
15805,2,0
9114,2,0
275,2,0
2277,5,0
18074,2,1
1923,3,1
18415,1,1
8134,3,1
5809,4,1
17880,4,1
5614,5,1
21458,3,0
17249,3,1
22602,5,0
612,5,1
18231,2,1
5556,5,1
21894,4,0
16235,5,1
4322,4,1
3250,3,1
9233,4,0
22878,4,0
1808,3,1
16715,1,1
931,5,1
11640,5,1
1636,1,1
6170,3,1
11996,5,1
13106,2,0
6752,5,1
14959,1,1
17272,4,1
18139,2,0
9159,4,1
14626,1,0
5838,1,1
21412,2,0
13645,2,0
21084,2,0
3015,1,0
12339,4,0
18379,4,0
23091,2,1
3133,1,1
10004,1,0
13056,1,0
4400,1,0
1629,2,1
19288,2,0
6662,1,0
14253,5,0
4880,4,1
4530,4,0
6758,5,0
15240,5,1
16286,5,0
6218,3,0
2581,2,0
16184,4,1
13018,5,1
3696,3,0
4313,1,1
7771,2,0
4074,1,1
23426,3,1
20482,3,1
13532,4,1
1652,2,0
11632,4,0
11940,4,0
21525,2,0
11297,1,0
20928,1,0
13707,3,1
9074,5,1
9908,5,1
13751,3,1
282,2,1
22561,5,0
11939,3,1
12164,3,1
21548,3,1
22079,5,0
12008,4,0
7520,1,1
14161,2,1
18945,3,1
23358,4,1
23395,3,0
159,4,1
15463,1,1
6207,5,0
11334,2,0
14850,1,1
3285,1,0
5897,2,1
13026,3,0
22473,1,1
7162,3,0
22968,4,1
5153,5,0
2768,2,0
12259,4,1
15926,2,1
22087,5,0
17165,5,1
2127,4,1
6111,2,0
15655,3,0
5710,4,1
2628,3,1
9958,2,0
5102,5,1
12541,2,1
21478,1,1
8684,1,1
15389,1,0
16702,5,1
7003,5,1
21322,2,0
6013,3,1
5252,5,0
9274,4,0
12426,5,0
11369,5,0
22238,4,1
21870,1,1
22421,2,1
1393,5,1
5266,5,0
3576,2,0
12276,5,1
8310,3,1
5364,5,0
7837,1,0
6879,1,1
15375,1,1
13142,2,1
10900,3,1
8987,2,0
19168,2,1
1155,2,0
11961,1,1
19406,3,0
8247,2,1
6978,2,0
19594,5,0
8311,4,0
7475,4,0
7092,5,1
6395,5,0
22074,1,1
23479,5,0
698,3,0
1392,5,1
8410,4,0
15622,3,1
17926,4,1
17150,5,0
21410,2,1
11375,5,1
6540,3,1
20422,4,1
9055,5,0
852,2,1
18424,1,0
4576,1,0
18391,5,0
22616,2,0
9256,4,1
19908,5,1
17203,1,1
19859,4,1
6356,5,0
9027,4,0
11848,5,0
15533,1,1
14384,5,1
11816,5,0
11264,2,1
12739,2,1
7806,4,1
15928,5,1
22306,5,0
9724,2,1
591,2,1
8168,1,1
7076,4,1
13639,5,1
3584,1,1
18979,2,0
20174,5,1
1212,2,0
4218,4,1
12108,5,0
13811,1,0
14495,5,0
4391,4,0
8782,3,1
4655,3,1
12442,4,0
15045,5,1
7936,1,1
9172,3,0
17823,3,1
21858,4,0
11986,4,0
7910,5,1
563,1,1
17594,3,0
2593,3,0
22157,5,0
18834,2,0
15468,5,0
2779,3,1
18819,1,0
2691,1,1
4088,3,1
5418,4,1
6210,4,0
15565,1,1
315,3,1
21580,1,1
18356,3,1
11612,1,0
23473,1,1
7026,4,0
20640,2,1
8619,3,0
14583,2,1
20959,4,1
14812,1,1
38,1,1
4032,2,1
16601,2,0
7854,1,1
6737,3,1
20974,1,0
16249,2,0
12087,1,0
9464,2,1
21494,3,1
7674,1,0
13490,3,0
5766,3,1
17661,3,1
15327,4,1
22847,3,0
3547,5,1
8340,1,1
2784,4,1
7095,4,1
15714,2,1
18536,3,0
17781,5,1
15925,5,1
2132,4,1
11176,2,1
1189,4,1
1736,5,1
13439,2,0
2479,5,1
5098,2,1
22124,2,1
5639,1,1
6800,3,1
14189,2,1
5677,3,1
20871,2,0
17292,3,1
10105,5,0
3448,4,1
16354,3,1
9192,3,0
4792,2,0
9923,2,0
21702,5,1
10421,3,1
19445,1,1
15767,1,1
21681,2,0
18563,2,0
11460,2,1
1449,2,1
18273,3,0
15475,5,1
5827,5,0
22802,1,0
5520,4,0
22012,4,1
17737,5,1
15067,1,0
8080,3,0
791,4,1
18907,1,0
23143,4,0
15355,4,0
15247,3,0
22565,5,1
5812,4,1
22600,4,0
3187,1,1
14371,1,1
22018,1,0
826,1,0
13099,2,1
10404,5,0
7029,4,1
15852,2,1
21311,5,1
5699,2,1
17363,5,1
19090,4,0
896,5,0
2426,4,1
19579,2,1
17798,4,0
7238,5,0
16470,2,1
20228,2,0
10084,4,1
8967,2,1
12322,5,1
9835,1,1
23435,5,0
11339,5,1
8572,1,0
10671,1,1
18408,4,1
13228,2,0
6022,2,0
5826,3,0
4467,2,0
7727,2,1
2925,4,0
5534,4,1
3644,3,1
19959,5,1
2898,5,1
1681,1,1
9279,3,1
19577,1,0
5248,1,0
12370,1,0
22888,4,0
23089,5,1
21962,2,0
10474,2,0
12619,2,0
14274,2,0
20802,3,0
15494,1,0
3092,4,1
11891,4,1
9356,4,0
9155,4,0
972,5,1
17705,1,1
8746,2,0
477,2,1
3213,1,0
3149,1,0
8299,5,0
17236,5,1
8683,3,1
23179,3,0
5607,2,1
11873,5,1
5340,2,0
17825,3,0
4839,3,0
8068,1,0
8430,5,1
17050,4,0
7406,5,1
17220,3,1
17528,1,0
10413,5,1
14112,5,1
20845,5,0
3620,3,1
21577,5,1
16558,1,0
12964,3,0
11123,4,1
10223,1,0
17075,2,0
9448,5,0
18515,1,0
20553,2,0
3628,3,0
13140,2,1
18512,1,1
14380,2,0
13482,2,0
6145,3,1
484,4,1
20252,4,1
20155,3,0
12121,4,0
1444,2,0
9602,2,0
16947,1,0
3147,3,1
2181,2,0
13794,5,0
23104,4,1
15268,2,1
14890,4,0
9914,4,0
17706,4,0
13778,4,0
9120,4,1
14075,1,0
11686,4,1
15365,4,1
5374,2,0
11757,4,1
16373,3,0
1194,4,1
4883,4,0
21684,2,0
7972,3,1
4365,2,1
12018,3,1
2279,4,0
14297,4,0
9537,1,1
3957,4,0
4468,4,1
23265,2,1
7283,1,1
16739,3,0
23271,4,0
21313,2,1
520,3,1
18624,2,1
14190,3,1
21617,1,0
14997,4,1
15700,2,0
12921,1,0
12483,5,0
11778,5,0
11596,5,0
7521,2,1
12185,3,0
19956,2,0
2343,1,0
10061,1,1
3718,1,1
15484,2,0
11251,3,0
5498,5,1
613,4,1
5518,5,1
391,1,0
20694,3,0
10179,1,0
17861,4,0
21047,3,1
255,1,1
2496,4,0
11841,3,1
11284,2,0
7097,2,1
18120,5,0
19021,4,1
22293,2,1
21205,2,1
2552,3,1
8053,5,0
12177,2,0
7027,1,0
20116,2,0
14731,4,0
11362,2,0
11815,1,0
9868,5,0
9861,3,1
19045,1,0
19070,5,0
10486,4,0
3873,2,0
7547,3,1
23374,5,1
23291,5,0
5629,3,1
4753,4,1
7202,1,0
10304,3,0
11910,5,1
18939,5,1
22192,2,1
19994,3,0
20733,5,0
8464,2,0
20468,5,1
1332,2,1
11900,5,1
12088,5,0
20220,2,1
11181,3,1
10731,3,0
2960,1,0
22760,5,1
10503,3,1
17192,4,0
10231,3,0
18528,4,0
994,3,0
7792,1,0
10949,3,1
16098,3,1
8884,4,1
2103,3,0
14365,1,1
3863,1,1
20301,2,0
862,4,1
17017,4,1
10127,2,1
8169,2,1
4658,1,0
7614,5,1
21317,1,1
14481,4,1
5215,2,0
4098,5,0
2053,2,1
19796,5,0
16257,3,1
17099,2,1
3674,5,0
15066,2,1
10570,5,1
2828,3,1
4362,1,1
9370,3,0
9113,4,0
247,1,1
4607,1,0
8888,1,1
14278,5,1
13831,3,1
3510,2,0
10215,1,0
686,4,0
3712,2,0
5070,2,1
13434,5,1
9873,5,1
16323,1,1
9655,4,0
17100,2,0
2420,1,1
12421,4,1
8366,4,0
7236,3,0
17724,4,1
16278,4,0
13211,1,1
21781,2,1
13514,4,0
7590,1,1
9758,5,0
13073,4,1
7373,4,1
17311,4,0
16368,2,1
9859,2,1
5116,1,1
7707,2,0
6069,2,1
18324,4,1
21928,1,0
21506,3,0
19103,1,0
16232,3,1
6317,4,0
11564,3,0
6794,3,1
5347,2,1
14325,1,0
8300,4,0
21953,1,0
5879,5,1
556,3,1
16143,4,1
4336,4,0
16735,4,0
23394,1,0
4628,4,0
11534,4,1
16811,1,1
1985,3,0
15436,2,1
9252,2,0
19308,4,0
14360,5,0
22933,5,1
22683,2,1
12314,3,1
8006,5,0
8290,1,0
3348,3,0
17969,3,0
20759,3,0
10144,2,0
20214,2,0
22156,5,0
11008,2,1
12680,4,0
22834,4,0
16296,3,0
22980,4,1
17275,4,1
9335,2,1
19322,4,0
4994,5,0
2943,4,1
12943,4,0
10010,5,0
8401,3,1
1881,4,0
22650,3,0
7946,5,0
17802,1,0
3000,4,0
5938,2,0
7264,4,1
9941,5,1
7172,4,1
12080,1,1
1968,4,0
19611,2,0
5816,5,1
15312,5,0
15290,2,1
23393,1,1
20918,3,1
5285,2,1
16087,2,1
2522,5,0
15155,3,0
21995,4,1
14157,4,0
12489,5,1
10017,1,0
18559,5,0
21633,2,1
13184,5,0
9230,5,1
2915,5,1
11953,1,0
19024,1,0
12114,4,1
14156,1,0
17164,3,1
13125,3,1
23124,3,0
10508,2,0
18593,2,1
20713,1,0
22474,5,0
5767,2,1
12144,2,0
4898,1,0
14555,3,0
17598,1,0
11577,5,0
17568,4,0
8923,2,0
14604,5,1
6401,2,1
16246,5,1
11618,1,0
1131,2,1
23299,4,0
5426,3,1
16397,4,1
9128,5,1
13329,1,1
981,1,0
18061,2,0
15783,3,1
4916,1,0
1219,2,0
18678,5,0
7604,5,1
6552,1,0
359,2,0
6932,4,1
19247,3,1
15139,1,1
5211,2,0
17662,5,0
20180,4,0
19439,1,0
17940,1,0
1022,2,1
10913,1,1
2801,1,1
14751,3,0
20897,5,0
15988,4,0
2678,5,1
15352,4,1
7210,2,0
4397,4,1
19890,1,1
10076,2,0
2315,5,1
14478,4,1
8651,3,1
3493,1,1
15455,2,1
6093,1,0
13646,2,1
4560,3,1
8674,1,1
6314,2,1
22130,4,0
14351,2,1
1557,1,1
20041,3,1
3172,1,1
23352,4,1
7574,1,1
6082,2,0
11867,4,0
19359,5,1
12460,4,0
6288,3,0
23382,1,1
3654,5,0
13245,5,1
7691,2,1
1078,2,0
23319,3,1
12165,2,1
4864,4,1
20648,4,1
22245,5,1
19152,5,0
16487,5,1
828,2,0
12849,1,1
1443,4,0
12154,5,0
13666,5,1
21729,1,0
12355,3,0
14001,2,0
13748,4,0
9793,2,1
20484,2,1
19181,5,0
16949,3,1
20258,2,0
6422,2,0
6965,2,1
8759,5,1
666,5,1
3974,1,0
22801,1,0
22978,4,1
17320,1,0
5191,3,1
12960,2,0
7014,3,1
18841,3,0
3816,5,1
20494,4,1
21618,1,1
2637,5,0
22160,1,0
2176,4,1
15490,2,1
6286,4,0
17045,1,0
20274,5,1
867,5,1
7463,2,0
5398,5,1
8763,3,0
3327,3,0
4598,1,1
19315,2,0
3877,5,0
14110,4,1
13516,2,1
23012,4,1
4201,5,0
21690,5,1
11718,3,1
8642,1,1
19444,2,1
11210,5,1
21903,3,0
610,2,1
13172,1,0
19343,3,1
10049,5,1
6648,4,0
4584,2,0
14107,5,1
13437,1,1
4323,2,0
1635,5,0
3637,4,0
8309,4,1
21793,1,0
23180,4,1
8265,2,0
10011,1,1
16738,5,0
6656,3,1
21662,2,1
11063,1,1
6778,4,0
22712,3,0
14291,2,1
6866,3,1
15005,1,0
4364,4,0
22700,1,0
22870,3,1
7515,4,0
2627,5,1
15109,5,0
13134,1,1
8165,4,0
5203,1,0
18787,2,0
3469,1,0
914,2,0
17937,2,0
22899,2,1
5788,3,0
6753,2,0
192,2,1
16899,3,0
21487,4,1
9732,1,1
9865,2,1
17175,3,0
11644,5,0
16767,2,1
10070,4,0
15491,1,0
6088,2,0
8958,2,0
18542,4,1
17101,5,0
12654,1,1
4726,3,1
19699,5,0
20596,5,1
10155,2,1
8924,5,1
22198,4,0
22963,1,1
5483,4,1
13173,3,1
20915,5,1
15275,2,1
22805,4,0
22889,2,0
17024,1,0
14788,5,1
3913,4,1
5041,5,1
10803,4,0
12976,5,1
3411,2,0
6019,4,0
18995,1,1
1220,3,0
21770,3,0
8606,3,0
9720,2,0
5492,3,0
9134,1,0
13738,1,0
20169,3,1
5092,1,1
10994,1,0
15318,2,1
17425,4,1
10581,3,0
14139,1,0
3736,3,0
7599,2,1
4959,1,0
14088,4,0
6353,1,0
22096,5,1
1026,2,0
19592,3,0
12455,5,1
11594,5,0
18969,1,1
11888,4,0
9215,4,0
1733,1,1
18574,2,1
849,1,0
21866,5,0
20285,5,1
21507,5,0
2502,3,1
18738,1,1
6308,5,1
2352,3,0
21496,4,1
12722,5,0
20429,3,0
5649,2,0
22457,5,1
4033,4,0
2975,4,1
11794,2,0
2101,2,0
9844,1,1
15757,4,0
14447,5,1
10896,2,1
13308,3,1
4642,1,0
2091,1,1
16023,3,0
6505,3,1
10091,4,0
2883,2,1
2533,4,1
15287,2,0
22640,5,1
9196,2,0
18019,4,0
23457,4,0
22344,3,0
15263,3,0
6209,5,0
898,4,0
19993,4,0
17993,5,1
2724,3,0
22566,4,0
6960,5,1
11947,2,0
22546,1,0
12086,2,1
10175,4,0
10999,2,0
3308,4,1
2688,5,1
21281,2,1
8871,1,1
23186,1,1
6120,5,0
1944,3,1
17927,3,0
21420,2,1
22971,2,0
5217,3,1
6912,1,1
23247,1,1
309,5,0
12453,5,0
6573,2,1
23070,4,0
22701,5,1
589,5,0
4779,4,0
19576,2,0
16092,1,0
13155,1,1
14662,5,0
11183,5,1
3287,5,1
310,5,1
9428,1,1
12056,5,1
22060,1,0
22137,3,1
2002,4,1
3057,5,0
12825,1,1
22575,3,0
15523,5,0
1809,3,0
21220,2,0
19407,5,1
7888,4,1
421,2,1
23051,5,1
8307,3,1
2799,4,1
7948,3,0
5777,2,0
1041,5,0
1545,3,0
16223,5,0
16575,4,1
12724,2,0
7849,1,0
1051,4,0
21245,5,0
19460,4,1
12503,1,0
17882,2,1
15034,1,1
9765,4,1
19320,4,0
11114,5,1
4968,5,0
1898,1,1
23134,3,0
2356,1,0
1217,2,1
17023,5,0
18469,1,1
1588,5,1
21135,5,0
21680,3,0
14063,4,1
9123,1,1
18943,1,0
20397,3,1
3990,4,0
2701,5,0
16542,4,0
19743,5,0
15890,4,0
22607,1,1
11664,3,0
22972,3,0
12197,2,1
1757,2,1
8982,1,0
14755,5,1
23427,3,1
1154,2,1
12053,4,1
19076,3,1
22661,2,0
6249,1,0
3858,4,1
11860,2,1
1134,4,0
21810,3,0
11519,2,1
8420,3,1
17632,4,1
11473,1,0
1870,4,1
11466,2,1
22853,2,1
18617,5,1
11914,3,0
14964,3,1
6319,1,0
14082,2,0
23020,1,0
6565,1,0
15270,3,1
4855,1,1
20810,5,0
20515,1,1
66,3,0
2486,5,1
15152,2,0
1376,3,1
1148,4,0
12281,3,0
10427,1,0
16829,3,1
20523,5,1
3631,1,0
12813,1,1
2718,1,1
1434,1,1
21701,3,1
1141,5,0
21588,3,1
1269,3,0
3967,1,0
12182,1,1
6596,5,1
15273,2,1
14142,4,0
1831,1,1
23277,1,1
19171,2,1
21445,1,0
22466,4,1
21297,1,0
21868,3,0
22739,4,1
973,2,0
1455,3,1
1086,5,1
12715,3,0
19552,4,0
1055,3,1
3062,3,1
5653,3,1
8065,4,0
9154,2,1
3400,5,1
11230,4,0
146,2,0
4042,4,1
13086,2,1
13420,3,1
22626,1,1
3286,2,0
14034,4,1
629,3,0
2024,4,1
12579,2,1
23404,1,0
19141,2,1
15070,5,0
14395,4,0
7465,5,0
2455,5,0
2699,5,0
11859,3,1
5882,2,0
5519,5,0
12201,1,1
22418,5,0
6051,4,0
20363,3,1
2946,5,0
3039,5,0
17251,2,1
7954,1,1
5560,3,0
331,3,1
22277,3,1
7088,1,0
20376,1,1
22282,3,0
10519,5,0
17092,2,0
15460,5,1
13965,2,1
15865,1,0
19604,5,1
16210,3,1
3973,5,0
21836,4,0
12520,3,0
9595,1,0
18681,1,0
1164,1,0
19690,3,1
12064,3,0
22365,2,1
19911,3,0
14869,4,0
16547,2,0
1070,5,0
17604,4,1
22552,3,1
23156,5,0
12601,3,0
16292,5,0
17089,4,1
6580,4,0
23429,3,0
7322,5,1
20272,5,1
21544,2,0
20947,2,1
14101,1,0
5219,5,1
1354,3,0
935,3,1
17719,4,0
13976,1,0
23146,2,0
1589,4,0
1122,5,1
8423,1,1
12308,2,1
2394,3,1
19512,5,0
2200,3,0
22396,5,0
1640,2,1
5993,3,1
18610,2,1
16029,4,0
22997,5,1
4770,4,0
16504,3,1
20073,1,1
17393,3,1
13097,1,1
18190,3,1
21153,2,1
18694,4,0
4807,1,0
16723,4,1
14592,2,0
20400,3,1
14414,3,1
1082,4,0
18267,2,1
9870,3,1
11832,4,0
3686,5,0
3343,1,0
21640,2,0
9730,1,1
20882,3,0
13084,5,0
18345,5,0
16964,4,1
396,1,1
670,3,0
15450,2,0
4095,3,0
20892,2,1
3379,3,1
10154,5,1
15356,3,1
7093,4,1
21377,2,1
7090,4,1
2089,1,1
22356,2,1
10090,5,0
17507,5,0
22002,5,1
3868,1,1
11162,5,0
13089,3,1
4732,2,1
11552,3,1
22936,1,1
11539,3,1
7401,3,1
15524,1,1
17143,4,0
14281,5,0
9956,1,1
5660,5,0
18919,3,0
4166,5,0
2398,4,0
21287,3,0
17296,2,1
22075,1,0
8005,2,1
22500,3,0
9408,1,0
15217,4,0
14401,1,1
6439,2,1
4998,3,1
12535,4,1
13495,5,1
3283,2,0
7938,3,1
22479,2,1
2246,1,1
20464,3,1
13145,1,1
15713,2,0
15741,3,1
15797,2,0
8467,5,0
17881,5,0
16387,5,0
23349,5,1
20196,4,1
17396,2,1
11679,5,1
14683,4,1
1920,5,0
5167,1,0
272,3,0
13392,5,1
11030,4,1
17850,3,1
18210,4,0
9056,2,1
13797,1,0
5151,3,1
4834,5,0
18229,2,0
9532,2,1
10995,2,1
13506,2,0
191,3,0
18069,1,1
8838,4,1
21850,4,1
12398,1,0
2126,5,0
20132,5,0
1735,2,0
3935,4,1
22217,5,1
10493,2,0
17412,2,0
10290,5,1
15280,3,1
21093,3,0
3573,1,0
7483,3,0
22785,3,1
19426,3,0
12006,2,0
17405,1,1
18693,2,0
10491,2,0
5199,2,0
3609,2,0
2087,2,0
21917,2,0
19687,4,1
16530,4,1
3025,1,0
3211,5,0
1330,1,0
189,5,1
19421,2,1
15958,5,1
3805,4,0
20766,3,1
7411,5,0
8278,5,0
16171,1,1
8672,1,1
1144,4,0
6355,1,0
9484,2,0
19603,2,1
15154,3,1
1854,3,0
19115,1,1
89,2,1
3617,3,0
22420,3,1
2449,2,0
11131,1,1
20445,2,0
5952,1,1
12410,5,0
7647,4,0
4921,1,0
21001,2,0
10068,3,0
7516,3,0
18668,4,1
3603,4,1
15873,5,0
517,3,0
12377,5,0
15187,5,1
1570,1,0
18519,1,0
15427,1,1
20544,1,1
3993,4,0
7979,2,1
21352,1,0
3054,5,0
13059,4,0
2663,3,0
22748,5,0
156,5,1
12899,3,1
14549,3,1
2125,4,0
17268,4,0
15435,1,1
2183,3,0
22753,1,1
15397,2,0
1946,5,1
9616,4,1
9221,2,1
16338,2,0
14669,4,0
9302,5,0
9020,4,1
21439,5,0
4988,3,0
7302,4,0
14809,2,1
1676,5,0
3319,4,1
15580,1,0
17952,4,1
21446,1,0
19431,3,1
4861,3,1
14987,3,0
13394,5,0
17634,3,1
2253,1,1
7384,3,0
4622,5,1
20047,3,0
376,4,1
95,5,1
16319,5,1
10190,1,0
18209,5,1
3235,3,1
15214,2,1
20801,1,1
19133,3,1
2499,5,0
9040,2,1
12291,3,1
12965,3,0
16450,3,0
20302,2,1
1513,1,1
22789,5,1
2585,5,1
12112,1,1
3482,1,1
6671,5,0
3648,3,0
4745,3,0
8400,1,1
19937,2,0
2929,1,1
3941,1,0
21750,2,0
10886,5,0
3558,2,0
16737,5,1
1225,4,0
11642,1,1
13421,3,1
8259,5,0
17025,5,0
7437,1,0
9152,2,0
3344,4,1
8072,3,0
16925,2,1
10632,1,1
20089,2,1
22966,4,1
20847,2,0
6330,5,0
8498,2,1
13313,3,1
8228,2,0
21049,4,0
15252,3,1
2608,2,0
10478,3,0
1127,2,1
2260,3,1
153,2,1
20575,2,1
14634,4,1
21765,2,0
8383,3,1
3552,2,1
17458,3,0
13644,5,0
3922,4,0
1858,3,1
5860,4,0
12307,5,1
17644,5,0
9115,5,1
6679,2,0
23286,5,0
11077,4,1
16289,1,0
4080,3,0
22400,4,0
4727,1,0
5220,5,0
23445,4,0
12221,4,1
5158,3,0
9731,4,1
2820,3,1
15192,1,0
14193,1,0
4011,5,0
21008,2,1
11857,4,0
3579,2,0
4712,3,0
14439,5,1
13548,4,1
22110,1,0
5713,1,0
20907,3,0
11110,2,0
9591,1,1
21492,2,1
19172,5,1
3642,2,1
4123,4,0
12287,3,0
12788,1,0
5724,1,1
15688,3,0
19634,5,1
710,1,1
1564,3,0
7689,2,0
4685,3,0
20305,2,0
15008,3,1
9103,2,1
8717,3,0
5708,2,1
14028,1,0
23324,2,0
8587,5,0
21148,5,1
8847,4,0
1191,1,1
20231,2,1
252,4,1
13981,3,1
11335,4,0
13316,2,0
10781,5,1
22461,5,1
4874,5,1
4117,3,0
15000,4,0
21340,3,1
3123,4,1
10681,2,1
14453,3,1
1270,4,0
22770,4,0
2180,1,0
14413,2,1
5609,2,0
7096,1,1
20133,3,0
936,1,0
9802,2,1
8245,3,1
11592,5,0
19487,5,0
22379,1,0
7529,4,1
20431,3,1
21738,1,0
20599,1,0
5338,2,0
921,1,1
11849,4,0
10708,1,0
20931,2,1
10976,2,0
10199,5,0
611,5,1
21130,5,1
2748,2,1
18197,1,1
3075,2,0
15592,2,0
20577,3,0
946,4,1
7679,3,0
11696,5,0
7216,3,0
23371,1,1
12621,3,1
357,4,0
21194,3,1
3766,3,1
3488,2,1
8448,4,1
17208,2,1
19415,4,1
502,1,1
6873,4,1
11722,2,1
9291,2,1
592,2,1
6451,4,0
3247,4,1
21929,1,1
22126,4,1
17031,1,1
923,2,0
12761,1,1
6785,3,1
10397,1,1
8106,4,0
21646,2,0
8294,3,0
21469,1,1
14840,4,1
9839,1,1
21831,1,1
2939,3,1
12275,5,0
3095,1,0
10965,4,0
21869,2,1
16516,4,1
9961,3,1
18409,2,0
12913,1,0
7307,1,1
10520,5,1
16385,2,1
10100,3,0
21185,1,0
7724,3,1
7818,1,0
8293,1,0
3434,3,0
15483,5,1
15173,5,0
23369,5,0
8032,1,1
10584,4,0
12560,4,0
20460,3,0
17690,4,0
17223,5,0
1969,3,0
17364,4,0
13873,2,0
18888,4,1
17308,2,0
11767,4,0
9304,5,1
939,2,0
14887,3,1
21847,4,0
4831,5,0
9831,2,0
3619,4,1
7340,3,1
5008,1,1
20178,5,0
17763,1,0
11768,3,0
8605,4,1
7066,2,0
14332,5,0
19190,5,0
3887,5,0
4243,1,0
10553,3,0
13120,4,0
457,3,0
4191,2,0
9572,3,1
8088,2,1
10109,4,0
3897,3,0
20358,1,0
15520,1,1
12606,2,0
17543,1,0
18912,4,0
4341,4,0
2451,5,0
16828,3,1
23357,2,1
825,4,1
6612,1,1
1286,2,1
19566,5,0
15401,3,1
3385,4,1
2703,2,1
9531,2,0
19605,5,1
6196,2,1
1235,2,1
12151,3,1
4061,3,1
285,2,1
3244,3,0
3724,5,1
22092,3,1
9796,2,0
17621,3,1
21882,1,1
4532,5,1
18111,2,0
14381,3,0
261,5,0
21020,4,0
4174,5,0
16038,1,1
20418,1,0
14337,3,0
1232,2,1
16094,1,0
14463,5,1
8719,2,1
15575,2,1
5099,3,0
9003,2,0
6508,2,1
17201,3,1
12464,1,1
2894,2,0
16656,2,0
5911,5,1
13857,3,1
7625,2,1
10877,4,1
11262,5,1
4159,5,1
644,1,1
18245,5,0
2713,4,1
18686,1,1
5456,3,0
20912,2,1
4360,2,0
10311,1,0
137,4,0
13035,4,0
1039,1,0
23026,1,0
13067,1,1
6484,3,1
6668,3,0
16425,2,0
3775,1,0
9286,2,1
107,5,0
7246,4,1
2626,1,0
17682,5,0
20856,1,1
21671,3,0
12279,2,0
10351,2,0
20257,4,0
11127,1,0
13550,4,1
15122,1,1
6658,5,1
17987,2,1
16073,1,1
8509,3,0
8753,3,0
8948,5,1
19761,4,0
22675,4,1
903,5,1
7705,1,1
3931,4,1
2555,2,0
15930,2,0
6970,5,1
11585,2,0
8534,3,0
3461,1,0
19061,5,0
1272,2,0
7835,5,1
6855,4,0
16022,2,1
7783,1,1
9536,3,0
2755,2,1
16074,5,0
21718,2,0
7933,2,1
16603,4,1
7564,1,0
451,1,0
2395,3,1
10358,3,1
4934,4,1
3539,1,1
19933,5,1
3151,1,1
12937,4,1
21936,5,0
1887,5,0
3747,2,1
263,2,1
1297,3,0
22836,3,1
18247,2,0
19410,1,0
14928,4,1
22450,1,0
1260,5,0
21266,2,0
6711,2,1
11414,4,0
21951,3,1
22828,3,1
19412,1,0
19889,5,1
20756,3,0
9445,4,0
8615,3,0
20590,2,1
1111,3,1
13772,5,1
16195,5,1
6273,4,1
9642,2,1
2035,2,0
22519,4,1
14537,2,0
11581,5,1
3284,2,1
10938,4,1
4912,3,1
15043,3,1
11845,1,0
15423,4,0
13219,5,1
5727,1,0
23242,2,0
16749,2,0
3906,5,1
5371,2,0
13107,2,1
20150,2,0
20745,4,1
11491,2,0
15875,3,1
18222,5,1
19318,3,1
10738,5,1
17577,4,1
3495,3,0
12119,1,0
4821,1,1
9327,4,0
18134,4,0
10355,4,0
1184,4,0
13501,5,0
5420,2,0
16680,4,0
5842,1,1
18374,3,0
5369,2,1
17775,2,0
22696,2,1
18495,1,0
197,2,0
23412,2,0
504,4,0
11559,3,0
14026,1,0
20875,3,0
8241,1,0
3455,1,0
6735,3,1
3743,5,0
2146,1,1
9117,5,0
4670,1,0
16588,2,1
13080,2,0
23203,1,0
11182,4,0
16570,1,0
16218,2,0
18504,4,1
9721,1,1
2280,2,1
15278,1,1
2339,2,1
7644,2,1
3900,2,0
69,3,0
21609,2,0
7176,1,0
13522,3,0
11053,2,0
9481,5,0
8197,2,1
1349,5,1
17072,1,1
6745,2,1
19508,5,0
3667,1,0
3355,3,1
2941,1,1
22262,4,1
10117,3,0
10078,1,0
4054,3,1
17394,2,1
17694,4,1
18092,3,0
1043,5,0
8638,1,0
20300,1,0
8768,4,0
5548,1,1
10948,4,0
17492,2,0
8418,5,1
3684,4,0
18052,1,0
11021,1,1
12879,3,1
8662,4,1
20952,1,0
9752,4,0
20034,4,0
19918,1,1
10689,5,1
5762,1,1
8107,2,0
17817,4,1
23293,4,1
8195,5,0
1821,3,1
13190,1,1
12295,1,0
4289,1,1
12481,5,1
8095,4,0
3518,4,1
8996,4,1
3828,1,1
10706,1,0
7662,1,0
3113,2,0
21149,1,1
9423,1,0
15264,4,1
14208,1,1
6177,3,0
15931,4,0
9742,5,1
14367,2,0
9249,5,0
21528,2,0
17955,5,1
4211,5,1
8586,3,0
12554,3,1
1258,1,0
586,5,1
20262,3,0
6600,2,1
12194,3,1
17133,3,0
15953,2,1
3544,2,0
19205,3,0
16548,4,0
1647,2,0
5757,3,0
2436,5,1
11775,3,1
3459,4,0
14002,2,0
14836,4,1
5617,2,1
6307,5,0
20793,1,0
21459,4,1
87,1,1
13897,1,1
2702,5,1
134,3,1
7826,4,1
14837,1,0
4562,1,0
15298,1,0
2569,4,1
3288,4,1
6455,1,1
3837,1,0
12922,4,0
10422,1,1
3417,4,1
812,1,0
4003,1,0
3893,1,0
20787,3,1
20108,3,0
9171,4,1
14081,3,0
7788,3,1
14008,1,1
5549,3,1
9328,5,0
19549,1,0
11071,2,1
8989,3,0
14923,2,1
21033,2,0
7592,1,0
20941,1,0
20120,2,1
5939,3,0
19649,4,1
4300,3,0
20961,5,1
15454,4,1
14967,5,1
15089,2,0
17216,1,0
9856,2,1
2826,3,1
4476,3,1
21554,2,1
5154,1,0
3498,5,0
20384,5,0
10131,2,1
18410,5,1
15200,3,0
17611,5,1
21968,4,1
15308,5,1
19249,2,1
3687,3,1
8061,3,1
19837,4,0
2599,3,0
7354,1,0
6787,2,0
5375,4,1
7905,5,0
19321,3,1
13564,2,0
18435,3,1
21140,3,1
12297,4,0
21115,4,0
13983,2,0
5901,5,0
8633,1,0
13241,5,1
16740,3,1
14912,2,0
17653,3,1
14547,2,0
5638,4,0
13153,2,0
17204,5,0
21289,3,1
4859,2,1
5397,2,1
10687,4,0
14744,2,1
19159,3,0
15935,3,1
23396,5,1
19955,4,1
5893,4,0
4713,4,0
22288,4,1
12760,3,1
8765,2,0
9573,3,1
15322,4,0
1426,5,0
19063,3,0
6733,4,1
11452,3,1
1659,4,0
567,2,0
19904,3,1
198,1,1
18966,1,1
12759,4,1
10629,5,1
1414,4,0
10249,4,0
8226,5,1
16621,5,0
4377,4,0
2463,1,0
20791,4,1
21806,5,0
14415,2,1
15717,1,1
1348,2,0
15135,5,0
3439,5,0
9916,5,1
23268,2,1
20609,2,0
2116,4,0
13914,3,0
3473,3,0
3551,2,1
22369,1,0
18404,1,0
9707,3,0
14803,5,0
15505,3,0
12714,2,1
13865,4,1
3004,2,1
6193,4,0
17728,3,0
13012,2,0
543,4,1
20669,5,0
5564,4,1
1352,1,1
8487,3,1
12814,1,0
12153,2,0
21238,2,0
9468,2,0
19840,2,0
81,2,0
14994,3,0
6780,1,0
11166,2,1
17639,2,0
8802,2,0
1620,5,0
3030,5,1
14011,2,0
7781,4,1
16024,1,0
3021,2,1
6996,5,0
8473,4,0
4339,2,1
3525,2,1
2728,3,1
11486,4,1
12974,5,0
17666,4,0
9966,4,1
15107,5,0
13457,3,1
19499,3,1
14954,5,1
16527,4,0
21466,3,0
3959,5,0
13473,5,1
2944,3,0
20137,1,0
13851,2,1
12500,2,1
21493,4,1
19666,2,1
3443,5,1
2777,1,0
10031,4,0
15946,1,1
17790,4,1
19725,1,1
16500,4,0
5413,4,1
21542,4,1
23420,1,0
892,5,1
18980,1,0
7681,4,1
17967,1,0
12873,5,0
18706,3,0
16774,2,0
21104,3,1
3794,2,1
22106,2,1
3983,1,0
16689,5,1
22339,5,1
20547,4,0
18483,5,1
2860,5,1
4882,3,0
1031,3,1
19748,2,0
20401,5,1
10909,4,0
20560,2,0
10026,1,1
23255,1,0
9772,2,1
940,2,0
16116,3,1
17840,1,1
843,3,1
800,1,0
7824,2,1
2979,4,1
21790,5,0
20386,5,1
17859,3,0
17985,5,1
12106,1,0
13665,4,1
9063,2,0
792,4,0
15861,2,0
17289,3,0
15215,5,1
15040,5,1
13689,3,0
10950,5,1
4221,4,0
15882,3,0
2876,1,1
10071,1,1
12992,1,1
21676,5,1
12789,2,1
22171,2,0
15793,3,1
16241,1,1
19848,3,0
12161,3,0
3734,1,1
14289,1,1
5029,3,0
16551,5,1
12557,1,1
22952,2,1
12219,5,1
2829,3,1
16748,4,0
14914,2,0
11831,5,1
12459,4,1
6483,3,1
19516,5,0
5291,2,1
9736,4,1
12409,1,1
22280,4,0
2911,5,0
1804,1,1
3435,5,1
5464,1,1
7059,4,0
15683,3,0
11655,3,0
9059,4,0
7913,3,0
20993,3,1
5320,5,0
17813,3,1
6083,4,0
22556,4,0
6211,1,0
23221,5,0
18142,4,0
21117,3,0
17044,3,1
17536,4,0
6303,2,1
1457,3,0
2893,2,1
23317,4,0
11174,2,1
19830,5,0
4866,3,1
15905,3,1
15654,5,1
14858,4,1
10125,1,1
19194,5,0
21854,3,0
21897,1,1
14187,1,0
22956,5,0
9331,3,0
6047,3,1
5895,2,0
19276,3,1
13566,5,1
16539,4,0
20703,3,1
7150,4,0
1294,2,0
2109,4,0
15997,3,0
19878,5,1
1365,2,1
7195,1,0
13154,1,1
20618,2,0
13300,2,1
7870,3,1
4636,3,0
20951,3,1
7272,5,1
2131,5,1
15226,5,1
21925,1,0
23213,4,0
392,1,1
1612,3,0
9190,5,0
17808,4,0
4904,2,0
23166,1,1
19300,2,1
3610,2,0
18784,4,0
15561,5,0
16266,4,0
2654,4,0
14068,2,0
7708,3,1
3421,4,1
21628,2,0
1753,3,0
723,4,0
18296,5,0
1986,5,1
576,1,1
631,3,0
6797,5,1
14817,1,1
17295,4,1
22606,5,1
23380,4,0
12830,1,0
7842,1,0
18965,3,0
6497,1,0
1876,3,1
14169,3,1
17755,5,0
21285,1,0
1462,3,0
16025,2,1
22673,5,1
8135,5,1
19271,5,0
19507,5,1
2772,2,1
3008,3,0
19723,5,0
2771,5,0
3426,5,1
4648,2,1
1427,5,1
19227,4,0
15370,3,1
9585,2,1
1222,4,1
7795,1,0
12883,2,1
19550,5,1
16566,5,1
14476,2,1
4307,2,1
12050,2,1
6567,1,1
10521,3,0
15097,1,1
17439,5,1
12617,4,1
19820,2,0
22112,3,0
13597,4,0
10314,5,0
4804,5,1
23335,4,0
13581,3,0
20076,2,1
2513,4,1
13601,2,0
14861,1,0
1071,5,0
8859,4,1
16231,4,0
2270,1,1
2264,3,0
9061,1,0
4119,5,1
1107,2,1
20517,1,0
16521,2,1
15859,2,0
2634,1,1
11924,2,1
8622,5,1
9511,1,1
1954,1,0
3538,5,1
14643,1,1
10772,2,0
330,4,0
11602,1,0
10830,2,0
13064,1,0
22800,5,0
16911,2,1
5443,4,1
10992,3,0
7161,1,0
7703,4,1
6913,1,0
16852,1,0
23462,2,0
7023,1,0
7808,1,1
1792,1,0
17440,5,1
22794,1,1
4345,3,1
2233,1,0
12407,4,1
12345,3,0
19745,2,1
13697,2,0
19500,4,1
10432,2,0
19524,3,0
17122,3,0
224,2,0
6651,3,1
20942,3,0
8980,4,1
11455,4,0
8414,1,1
19381,2,0
15686,1,1
165,3,0
19433,2,0
21209,2,1
5522,2,1
11979,5,0
15733,3,0
1512,5,0
4260,1,0
18835,5,1
8055,1,0
7694,1,0
10599,3,0
1465,5,1
23163,5,1
15786,1,1
22685,1,1
8514,4,1
6687,4,1
2902,2,0
19781,3,0
5631,4,1
16864,3,0
7194,1,1
12495,3,0
5014,2,1
18711,3,1
5718,3,0
10868,3,1
21462,5,0
11658,3,0
7106,5,1
19846,3,1
83,1,1
9195,1,1
10654,1,0
20309,3,1
1261,1,1
8592,4,0
13030,2,1
20809,5,1
3524,2,0
9013,1,0
21805,5,1
16966,1,1
3806,4,1
17070,2,1
17348,2,0
9529,2,1
8283,2,1
8268,3,0
14191,3,1
14810,5,0
21275,2,0
19246,4,0
19574,2,1
9387,5,0
2852,2,0
9001,1,0
11484,4,0
9166,1,1
19755,3,1
20341,3,1
14746,5,0
17998,2,0
8770,1,1
10871,5,0
2753,3,1
15759,3,0
11533,2,0
21089,5,0
3947,3,0
19452,2,0
18718,5,0
15718,1,1
10338,5,1
13507,3,0
11401,4,0
1885,2,0
4547,2,1
13572,5,1
21740,1,0
7382,5,0
326,4,1
6995,5,0
20943,5,0
138,3,0
12329,5,0
18838,5,1
2208,2,1
17326,5,1
12098,5,0
8955,5,0
10650,3,0
15564,5,0
2648,1,1
3548,3,1
3987,5,1
427,4,0
19408,5,0
4206,5,0
18622,2,0
14657,5,0
14117,5,1
9185,3,0
815,5,1
656,2,0
5421,3,1
16806,4,0
23438,4,0
15082,2,1
9697,4,0
18181,1,1
2272,5,1
4121,3,1
14995,3,1
10015,4,1
12319,2,1
22435,3,1
11019,2,1
22391,2,1
12730,1,1
18167,4,0
5867,2,1
5042,2,1
5294,1,0
4214,4,0
22346,5,0
15340,4,0
14501,1,1
14585,3,0
3106,5,1
12504,3,1
5067,4,0
9282,4,0
5103,3,1
10835,3,1
14603,5,1
653,5,0
15870,2,1
4736,2,0
6947,3,1
6877,3,1
12478,1,0
18690,5,1
20930,2,0
9864,2,0
21409,1,1
7757,2,1
547,1,1
19923,2,0
16535,2,1
16324,5,1
1747,3,0
18264,1,0
19557,1,1
8773,5,0
18258,2,0
20,3,0
7501,1,0
14498,1,1
5189,1,1
12147,4,1
22253,4,0
8312,3,0
17088,4,0
12004,3,0
23181,1,0
20312,4,1
6887,3,0
5922,3,1
18950,1,0
8569,1,0
21946,4,0
2377,5,1
23202,2,0
20409,3,1
571,5,0
3201,3,1
22047,1,1
6495,5,0
18949,5,1
4176,3,0
18063,1,0
9613,5,0
7559,5,0
7068,1,1
21958,3,0
6883,5,1
7851,4,0
1814,4,1
10323,3,1
11760,1,1
12990,4,0
20139,1,0
20699,1,0
4091,3,1
2283,4,1
10042,5,1
14521,4,0
2573,5,0
20602,3,1
18955,4,0
21052,5,0
4390,4,0
12155,1,0
647,3,0
2711,5,1
16865,1,0
12428,1,1
13016,5,0
22233,1,0
1705,1,1
6485,2,0
27,1,1
13593,5,1
13828,5,0
2014,3,0
6147,1,1
22926,3,1
19256,2,1
6554,2,1
13943,5,0
10982,3,1
21792,2,1
11654,1,0
22494,1,0
11975,4,0
1839,4,1
12842,3,1
17064,3,0
15628,1,0
5566,5,0
7667,3,0
4760,1,1
2845,4,1
23218,1,1
14374,2,1
20829,2,0
9205,1,1
8440,5,0
12580,5,1
16862,2,1
15100,1,1
13226,4,1
2108,4,1
441,1,0
21159,1,0
3676,5,1
7333,2,0
5573,1,1
11899,4,0
21447,4,0
12643,4,1
1016,2,1
4007,1,1
11313,5,0
6560,5,0
13693,2,0
3323,5,1
22455,3,0
22305,5,0
12136,2,0
10041,3,1
486,3,0
6918,4,1
15443,1,0
11148,1,1
22115,1,0
18316,4,1
18546,1,1
21165,5,1
16620,2,1
1634,4,0
12838,3,0
17157,5,0
23414,4,1
7715,2,1
3553,3,0
8426,4,1
12135,5,1
18527,2,0
220,5,1
6463,2,0
13484,2,1
18429,5,0
21137,1,0
1470,5,1
7755,1,0
5385,4,0
11918,4,1
8657,5,0
13265,1,1
6427,1,1
8842,4,0
6112,1,1
3707,3,1
15057,3,0
1328,5,0
22910,4,1
5186,3,0
18880,1,1
5693,2,0
18468,3,1
4524,2,1
20203,1,1
9659,3,0
7931,4,0
22349,3,0
22844,1,1
22813,4,1
21530,3,1
7355,1,0
1670,5,0
2457,1,0
19365,2,1
18555,4,0
14737,2,0
17494,2,0
9068,4,0
22452,2,1
19631,2,0
4281,4,0
5264,2,0
23029,5,0
14666,3,0
6721,1,1
15540,2,1
13611,3,0
4267,3,1
11925,3,1
21225,3,0
5031,5,1
7981,5,1
12708,5,0
9535,2,1
14016,3,1
6394,5,0
11037,3,1
7424,5,0
4256,5,1
8161,1,1
18896,2,1
19643,4,1
12551,5,0
6653,2,0
13128,2,0
9559,4,0
3474,3,1
21103,4,0
10981,1,1
12365,5,1
21876,5,0
19156,2,1
3519,2,0
2072,5,0
21222,4,0
475,2,0
19833,1,0
1691,1,0
20158,3,1
20053,4,1
17714,1,0
15910,3,1
13586,2,0
6801,3,1
15576,3,1
17123,5,1
4768,3,0
5656,1,0
17674,4,0
7991,2,1
13731,2,0
7294,3,1
3302,4,0
8369,3,1
13453,2,0
3945,2,0
10268,2,0
11855,1,1
6029,3,0
13277,4,1
18242,4,0
21031,1,1
15773,2,1
19075,1,0
22893,5,0
5060,3,0
4667,1,0
7962,2,0
19485,4,0
21620,4,0
3649,4,1
3237,5,0
6583,2,1
15529,3,1
1250,2,0
21647,4,0
14769,2,0
21099,5,1
11959,3,1
9285,4,1
18619,3,1
6387,5,0
23038,4,1
4949,1,0
19447,4,0
19384,3,0
7292,3,0
22033,3,1
13214,2,0
11548,5,0
1717,1,0
15545,5,1
7126,3,1
19852,4,0
23019,2,0
20151,3,1
7250,1,1
16614,5,1
20147,3,0
22131,2,0
18401,5,0
7779,4,1
21637,5,1
21863,5,1
22323,2,1
19167,4,0
12035,4,0
22201,4,0
6077,2,0
9872,5,0
18091,5,0
10810,5,0
7440,3,0
4485,1,1
19722,3,0
20293,2,0
15220,5,0
3377,4,1
5115,4,1
23243,2,1
17183,3,1
19654,1,0
19074,1,1
5365,4,0
98,4,0
5590,2,0
21778,5,1
10258,5,1
2413,3,0
10922,2,0
3167,1,1
4402,2,0
3303,4,0
15261,2,0
3811,5,0
13974,4,1
7193,2,1
21742,4,0
455,2,1
21010,5,1
16633,5,1
409,5,1
8239,2,0
5552,1,0
3899,3,1
3713,4,0
11144,3,0
18631,3,0
1151,4,0
2497,4,0
15143,5,0
19632,1,0
208,3,0
3140,5,0
19403,5,0
20617,1,1
1344,2,0
16027,5,1
3757,5,0
18033,1,1
13284,2,1
20381,4,1
4249,2,0
17680,2,1
20423,4,0
5744,4,0
14455,5,0
5530,1,0
23014,5,1
15662,3,1
3292,4,1
2750,5,0
302,2,1
3982,2,0
11344,3,0
2685,1,0
23432,2,1
10667,3,1
3007,4,0
14766,5,0
15782,2,0
3786,2,1
22758,3,0
12248,5,1
2800,2,1
1899,5,0
17778,5,1
8229,1,1
12615,2,1
5342,3,0
19599,3,0
1496,2,1
5286,3,0
2490,5,1
3735,3,0
21300,3,1
3422,5,1
8833,4,1
19009,2,0
3309,3,0
18015,1,0
13232,5,1
16593,2,1
16380,2,1
5027,1,1
1436,3,0
10778,3,1
11589,4,0
13849,4,0
16874,5,0
22598,1,0
14539,2,0
403,1,0
11099,2,0
4328,3,1
17660,1,1
8764,3,0
8198,1,0
23344,2,1
20361,4,0
2945,5,1
15188,4,0
16557,3,0
11804,2,1
21216,2,0
21169,1,0
6783,5,1
20188,5,1
16112,3,0
10627,3,1
22959,5,0
5206,1,1
11156,3,1
8158,2,1
303,3,1
2299,2,0
14864,5,1
1281,5,0
18006,3,0
7988,4,0
21679,4,1
15878,4,1
13588,3,1
12971,5,1
23093,4,0
22343,3,0
9575,5,0
18660,1,1
5088,3,0
9829,5,1
18298,4,1
4200,3,0
15807,2,0
2256,3,1
13361,4,1
8965,4,1
12469,5,1
12022,2,0
16578,3,1
21877,2,0
22694,2,1
6475,3,1
6198,4,0
11145,1,1
14545,1,1
5336,3,0
13379,3,0
11930,1,0
22065,2,1
11740,3,0
12029,4,0
4970,1,0
11468,3,1
5074,5,1
10429,1,1
18801,5,0
13757,3,1
16489,5,1
8631,2,0
11410,4,0
18228,2,0
13855,5,1
13735,5,0
8885,4,0
22852,1,1
20679,2,0
14778,3,0
15769,3,1
7937,4,0
1471,3,0
16891,2,1
22489,4,1
22235,4,1
15763,3,1
4500,1,0
847,3,1
13869,2,1
10103,3,0
8787,4,1
2631,1,0
11407,2,0
6366,4,1
2738,4,1
5925,5,0
13062,3,0
20414,2,1
2040,2,1
889,1,1
19473,1,1
21555,5,1
1214,1,0
20859,3,0
16046,4,1
12133,5,1
9674,1,0
4550,5,1
17732,5,1
22213,2,1
10693,4,1
20880,2,0
16815,4,1
20634,5,0
19695,5,1
8905,1,0
19847,2,1
8156,3,1
2313,4,0
7766,5,0
20246,1,1
8444,3,1
17876,1,1
13585,4,0
11329,3,0
4816,3,0
1001,2,1
4637,1,0
23367,3,0
6328,4,1
15457,2,1
3122,3,0
8681,2,1
9994,2,0
11615,4,1
19969,2,1
4951,5,1
3749,1,1
6403,2,0
14404,5,1
17762,3,1
1627,5,0
22191,1,0
6704,5,0
1866,2,0
2241,5,0
21666,3,1
3226,2,1
6062,4,1
10275,5,1
864,3,0
8875,1,0
20322,2,0
1567,3,0
14729,5,1
23257,3,0
22236,5,1
13423,5,1
6102,3,0
1685,2,1
23064,5,1
9947,2,0
4442,4,0
20697,4,1
19192,2,1
13758,2,0
8000,1,0
10758,1,0
23275,4,0
9305,2,1
4977,1,0
17387,2,1
10902,5,0
19938,4,0
21753,4,1
11011,5,1
7004,2,0
16584,2,0
12461,1,0
16101,1,1
21842,1,1
7831,1,0
8761,2,0
17335,4,1
17854,2,0
10814,5,1
1721,1,1
4024,3,0
15885,2,1
20091,3,0
16131,2,0
13047,1,0
1329,2,1
13095,3,0
20052,5,0
12473,2,0
3252,4,0
3997,1,1
6707,5,1
11121,5,0
11505,5,1
20084,4,0
8754,3,0
17259,5,0
18011,3,1
12289,1,1
17167,3,1
4155,2,1
345,3,0
22691,4,1
14804,2,0
11163,5,1
10461,1,1
16346,4,1
1770,4,1
7427,5,1
5804,5,1
23200,3,1
15328,4,1
19850,4,0
3843,1,1
3594,1,0
21371,3,1
21955,3,0
17547,2,1
4599,2,0
22741,2,1
8784,3,1
14217,1,0
14348,5,1
4404,3,0
8221,4,0
23368,4,1
20955,4,0
2788,5,1
4348,5,1
11488,1,1
6665,1,0
18020,5,1
6428,1,1
17897,5,0
9672,3,1
19436,5,1
10818,1,0
3953,4,0
12032,1,0
19364,4,1
11792,4,0
22895,2,1
7733,2,1
8362,5,1
10823,5,0
2408,1,0
15115,3,1
18710,2,0
7663,5,1
12755,2,1
5343,1,1
6813,4,1
21425,4,1
2472,2,1
14045,3,0
796,4,1
18446,2,1
17071,1,1
3710,5,0
1018,3,1
16766,3,0
10406,2,0
16818,4,1
16753,4,1
14338,4,1
3381,4,0
15896,3,0
22647,3,0
17382,1,1
22415,1,1
6180,2,1
22736,4,0
13111,2,0
10852,2,0
913,1,0
11364,1,0
15295,4,1
10548,4,1
18024,4,0
15190,1,0
8289,3,1
7336,3,1
22514,5,0
8721,1,1
21284,2,0
14668,1,0
22347,2,1
23390,5,0
19873,5,0
10648,4,0
19417,5,1
6375,5,0
105,2,0
15458,3,0
21557,3,1
12097,5,1
2435,4,1
10097,5,0
3652,5,1
15467,2,0
377,5,1
3596,5,0
21318,5,1
257,5,1
7845,3,1
3346,2,1
8090,4,1
6968,5,0
6803,2,0
14038,3,0
8408,3,0
22882,5,1
3170,4,1
21779,1,0
15923,4,0
9962,4,0
4148,5,1
1852,3,0
8822,4,0
5850,4,0
19963,4,1
13029,3,0
14213,1,0
17956,1,0
12521,4,0
2664,2,0
14593,2,0
9332,2,0
16159,3,1
546,4,0
12569,3,1
17010,4,1
15546,2,0
14122,2,0
16622,5,0
22531,2,0
21771,3,0
22328,5,1
18295,3,0
2655,2,1
4806,2,1
12472,3,1
1622,4,0
12719,4,0
5600,5,0
6864,2,1
22481,3,0
13031,4,1
17322,4,1
18056,2,1
7570,5,0
6242,2,0
4942,4,1
2039,5,0
9983,1,0
7442,5,1
3711,3,0
13191,1,0
194,3,1
19234,5,1
2466,2,1
11363,5,1
21883,5,0
2694,4,1
23045,5,0
16729,3,0
9392,2,1
19960,1,1
8516,1,1
21616,3,0
22028,5,1
17359,5,0
19161,4,0
18518,1,1
4879,5,1
5078,1,1
12623,1,1
6509,2,0
10872,1,0
10373,4,1
13636,2,0
1960,2,1
2317,2,1
7482,2,1
11246,2,1
7079,2,1
20450,3,0
13652,3,1
17180,5,0
12065,3,1
20828,5,0
20910,2,1
13069,2,0
7364,3,0
18137,2,1
6172,1,1
11641,3,0
13197,4,0
17376,3,1
4819,5,1
395,1,0
17151,4,1
14552,4,1
7855,3,0
241,4,0
18444,5,0
17066,1,0
8074,1,1
6941,4,0
14069,4,0
959,2,1
639,1,0
18474,3,0
8035,4,0
12856,2,0
23303,4,1
16225,2,0
18568,1,1
15794,1,1
2448,3,1
14158,1,1
8051,3,0
20191,1,1
1132,4,1
4069,1,0
8345,5,0
18047,4,1
18035,2,1
11842,5,1
5847,5,1
17125,3,0
7410,5,1
20500,3,1
5734,2,0
10642,4,1
19679,4,1
21768,4,1
9984,1,1
6161,1,0
267,2,0
135,2,1
19681,1,1
21705,2,0
16000,3,1
4188,3,1
295,2,0
14003,2,0
22023,3,1
1302,2,1
7535,3,1
11558,3,1
16711,3,1
9178,2,1
1282,1,1
4514,2,0
4272,2,1
34,4,0
265,1,0
11625,5,0
7063,5,1
16692,4,1
20265,5,0
22007,4,1
18189,4,0
22562,3,0
2971,2,0
11699,2,1
19083,1,1
15781,5,1
2926,5,0
3925,2,0
7078,2,1
362,2,0
11142,5,0
9791,3,1
23405,5,1
22385,1,1
7664,4,1
12457,5,0
13378,1,1
2128,1,1
12942,5,0
8469,5,0
9527,5,0
1172,5,1
2576,3,1
3239,2,0
7680,2,1
983,1,1
15393,4,0
4579,1,1
19513,5,1
734,5,0
18533,2,0
18535,4,0
1767,3,1
4922,1,1
21751,2,1
1577,5,0
12157,3,0
10248,1,1
7249,3,1
8142,4,1
2938,2,0
16849,5,1
22042,2,0
12636,5,0
18847,4,0
19030,1,1
13544,3,0
10761,5,1
20395,5,1
17464,2,0
20354,1,0
6226,4,0
15527,5,0
13541,5,0
19047,3,1
5314,3,1
21785,4,0
22523,5,0
19518,4,0
21016,1,1
18828,4,0
3795,1,1
3910,3,0
17429,5,1
3915,5,0
15451,1,1
10545,3,1
19327,1,1
21359,2,1
13667,2,1
17546,3,0
7040,2,0
2078,4,1
4914,4,0
21123,5,1
20011,4,0
4588,2,0
14280,5,1
5983,3,1
10079,4,1
12671,4,1
5438,3,0
9867,3,0
10442,3,1
11412,5,1
13240,1,0
16635,3,1
17713,3,1
7024,3,1
11449,5,1
18098,4,0
2595,4,1
950,5,1
3099,1,0
22664,4,1
3534,5,1
14314,4,0
17213,5,0
5434,4,0
16442,2,0
4097,3,0
18077,3,1
5415,2,1
17891,2,0
14140,5,0
1359,1,0
21659,1,0
14412,5,0
22991,3,1
13670,5,1
4844,3,1
5278,2,0
3315,3,1
1336,4,0
15625,3,1
3695,4,1
9260,4,0
1032,1,0
4299,3,1
11622,5,1
14919,1,0
15566,2,1
16978,4,0
14807,2,1
19931,2,1
22038,4,0
13072,1,0
6371,1,0
6458,1,1
20271,5,0
5408,4,0
19625,4,0
6577,3,0
19068,5,1
2996,5,1
8990,2,1
6630,2,0
16303,3,0
8212,2,1
8154,2,0
15202,2,1
13861,5,0
12868,2,0
10143,5,1
1315,1,0
9776,2,1
18476,1,1
9085,2,0
10936,5,1
18432,4,0
9840,1,0
9111,1,1
18492,3,0
17625,2,1
6127,4,0
4411,1,1
10623,5,0
18255,1,1
1857,4,1
21948,3,0
7102,4,1
21346,4,0
8737,1,0
5002,1,0
7115,1,0
13447,4,0
18386,1,1
2030,5,1
8679,2,0
19702,5,0
18191,5,0
18685,1,0
11418,5,1
17779,2,1
9488,1,1
14534,3,0
8447,3,0
11645,1,0
7232,5,0
15924,2,0
168,1,0
10291,3,0
13838,5,0
6934,4,0
1587,4,1
18138,1,0
18025,3,0
2752,1,1
18579,2,1
14845,4,1
2766,3,1
3270,2,1
10160,2,0
12627,1,1
18377,4,1
1438,4,1
12967,4,1
10206,3,1
58,1,0
16392,4,0
9242,5,1
20825,4,1
10754,2,0
1076,3,1
18282,4,1
10433,1,0
19988,4,1
12079,5,0
6534,5,0
3454,2,0
20799,3,1
18881,2,1
10343,1,0
5634,5,1
22792,5,1
620,4,0
22620,1,0
13933,4,1
18131,2,1
839,2,1
11521,3,0
1081,1,0
21632,3,0
8511,4,1
1124,4,1
14726,3,1
9088,2,0
9905,4,0
10257,1,1
372,4,0
16377,4,0
15208,3,1
11811,5,1
20982,5,0
15531,3,0
22180,4,1
2399,5,0
15291,2,0
5119,5,1
20658,3,1
20677,3,1
10788,5,1
4312,5,0
616,3,1
18039,2,1
9909,4,0
184,3,1
18815,3,0
7433,1,0
3774,4,0
21910,4,0
14635,4,0
19900,2,1
16198,5,0
7237,4,1
12341,1,1
4868,5,1
8974,3,1
16270,1,1
9254,1,1
17290,1,1
8848,2,0
18256,5,0
19720,3,1
19033,5,0
16498,5,1
23274,4,0
10035,5,1
10567,1,0
1000,5,0
1014,4,0
13515,4,0
3511,4,0
10538,4,0
20017,5,1
22896,4,0
22252,5,0
10347,4,0
6460,4,1
6579,1,1
11350,1,1
11960,5,0
897,4,0
5527,2,1
12174,5,0
1192,2,1
5353,3,1
15725,2,0
6645,1,1
20374,5,1
13136,3,0
22394,2,1
10152,4,0
7274,5,1
4081,4,0
9451,3,1
10247,4,1
14764,1,0
12016,1,0
10593,4,0
2075,2,1
1108,4,1
10390,5,0
8575,5,0
18763,5,1
8992,4,1
23098,3,1
8337,1,1
16106,4,0
21604,4,0
16903,3,1
17549,2,1
6847,3,1
16118,4,1
4841,3,0
322,2,0
22541,5,0
21663,2,0
7369,3,0
10069,1,0
8249,3,0
4705,1,0
21094,1,0
7944,1,0
6255,4,0
14249,1,1
16955,4,0
3991,4,1
7142,1,1
6811,5,0
1746,4,1
1929,1,0
6734,1,1
6605,1,1
13627,2,1
187,5,0
16072,4,0
22242,2,0
10389,1,0
17246,3,0
8947,4,1
7894,5,1
3152,5,1
12518,4,1
15595,1,1
12468,1,1
11308,3,0
17482,1,0
3884,5,0
18115,2,0
10151,5,1
3232,1,0
10824,1,0
14972,5,0
18942,5,1
11700,4,0
18036,2,0
5473,5,1
4422,2,1
1236,4,1
4065,5,0
7426,2,0
16,1,0
6826,4,1
11992,5,1
355,5,0
3819,1,0
10793,5,0
6174,5,0
3936,1,0
11500,3,1
927,4,0
9393,4,1
21415,3,1
17244,2,0
16809,4,0
19808,1,0
15554,4,1
8009,5,0
12681,3,1
13916,1,1
17263,2,0
4490,2,1
4887,2,0
19044,3,1
10870,2,1
1200,2,1
22632,3,1
8661,2,0
13661,2,1
14719,1,0
10159,5,0
9883,2,0
7431,3,0
1714,2,0
9684,3,0
7007,3,0
17703,1,0
3125,2,0
12049,2,1
5743,2,0
23326,3,1
11856,1,0
13179,1,0
21190,1,0
9647,3,1
16207,1,0
17196,1,0
11397,3,0
20631,2,1
16233,5,1
5594,4,1
2531,5,1
20117,5,1
19363,3,1
8360,4,1
8929,1,0
12195,5,0
6940,5,1
8607,2,0
8075,5,0
15010,4,1
1068,3,1
996,5,0
4373,4,1
22097,2,1
8381,5,0
16283,4,1
19,5,0
22057,4,1
21799,1,0
16096,1,1
12963,1,0
15881,3,0
11020,2,1
23065,4,0
15879,3,0
18807,1,1
19792,5,1
16300,2,0
8597,4,1
3929,1,0
21349,2,0
2605,5,0
20839,3,1
10765,3,1
11881,1,1
8285,4,0
7945,3,0
2896,4,1
6203,2,1
8082,4,0
10171,2,1
23311,4,1
19170,2,0
5598,5,0
21268,5,0
23037,5,1
9382,5,0
4282,3,1
2345,1,1
4609,4,0
9372,5,1
941,1,1
17328,2,0
11102,3,1
13183,5,0
16347,3,1
10523,3,1
10348,1,0
14963,2,1
12145,4,0
13384,3,0
11590,4,0
6011,3,0
350,1,1
722,1,1
23436,2,1
13176,1,0
18284,5,0
18094,5,1
2597,1,1
14832,5,1
1665,2,1
5917,4,1
19145,5,1
14316,2,1
21166,3,1
22181,5,1
494,3,1
1628,1,1
22389,1,0
9009,4,0
18118,1,0
21172,4,0
17720,5,0
370,4,1
8911,1,0
3050,2,0
23151,4,1
9413,1,1
1394,3,0
21243,1,1
1551,5,0
6681,3,1
2951,4,1
20442,1,1
13567,4,0
15864,4,1
8474,3,1
17616,5,1
20994,3,0
18716,3,0
15116,3,1
1283,1,1
11565,2,0
21581,3,0
11208,3,1
2300,3,1
21263,5,0
20090,3,1
14600,3,1
11430,2,0
3840,3,0
16153,1,0
9357,2,0
20725,1,0
4568,5,1
4459,1,0
3413,2,0
4255,2,0
1888,4,0
17037,5,0
6674,4,0
13867,2,1
22975,4,0
9702,4,1
12444,4,0
13401,3,0
8979,5,1
18072,2,1
20695,5,0
10075,1,0
13041,2,1
1231,1,0
7117,2,1
1771,4,1
19211,3,1
16824,5,1
364,2,0
22424,5,1
12540,3,1
5961,1,1
11897,2,1
3809,3,1
7332,2,0
7994,5,0
19773,5,0
7701,5,1
19069,3,0
21483,2,0
21703,1,1
2487,2,0
11780,3,1
21550,5,0
20940,1,1
12162,3,1
6175,1,0
6500,2,1
17505,1,0
8173,5,0
17316,1,1
14838,3,1
4424,5,0
7789,4,1
10661,1,1
12036,3,0
14437,5,1
15486,2,0
17961,3,1
16089,5,1
10008,3,0
8939,2,1
3373,4,0
16869,5,0
2453,3,1
22226,2,1
12772,5,0
12595,4,1
7903,4,0
7255,2,1
18129,4,0
6937,1,1
2214,3,1
9140,1,0
7655,2,0
16519,5,0
17086,4,1
17561,2,0
16667,5,1
17560,3,1
18302,4,1
14551,1,0
16066,1,0
12514,2,1
16403,3,1
8240,1,1
12737,4,0
13489,3,1
22456,2,0
4952,3,1
9487,1,0
13373,5,1
2467,1,0
19179,1,1
17103,4,1
17035,1,0
16285,1,1
14500,2,0
21864,2,0
16503,3,1
10482,5,1
9099,5,1
15626,3,1
3467,1,0
5208,1,0
667,4,0
15021,2,0
22872,5,0
22005,4,0
20487,4,0
44,1,1
15634,3,0
11759,4,0
6293,1,1
8220,5,1
15141,5,1
15245,2,0
20449,4,1
15390,5,0
11730,4,1
21386,1,0
4752,1,1
5009,3,0
17074,1,1
1190,4,0
15011,3,1
6716,3,0
10734,3,0
22329,5,0
10686,2,0
7578,1,1
8096,4,1
10260,4,1
13903,5,1
6862,4,1
1181,5,1
15447,1,1
22816,2,1
20074,1,0
20821,5,0
9454,2,0
5881,3,1
23415,1,0
2424,3,0
6450,3,1
4512,1,1
11026,4,0
6066,2,1
8177,5,0
10453,4,1
7113,5,0
12166,3,0
22584,5,0
16892,5,0
11784,3,0
5118,5,0
5553,3,1
3703,5,0
2119,5,0
15584,2,0
16048,1,1
3761,3,1
18743,5,1
18970,2,1
18922,1,1
20003,4,0
19429,3,0
12191,3,1
20287,1,1
21372,5,0
22919,5,1
19961,1,1
2617,2,0
14443,2,1
14659,4,1
12167,5,0
10497,4,0
8227,2,0
17366,3,1
5567,1,0
14361,2,1
8866,1,0
11243,5,1
6896,1,1
1718,3,1
18635,4,1
12451,4,0
20320,4,1
12213,5,1
7605,3,1
14436,4,0
12774,1,0
8536,1,0
20668,5,1
5376,5,0
8861,1,0
14174,1,0
17652,2,0
13972,2,0
19139,3,0
1494,3,0
16595,3,0
7326,2,0
16528,4,1
19017,1,1
19880,3,1
14543,2,0
15305,3,1
12740,5,1
21299,2,1
7467,4,0
5918,3,1
2117,2,1
13692,5,1
16801,1,1
22757,5,0
21510,4,1
541,1,0
4326,1,0
21934,3,0
17477,1,1
9498,4,1
21921,2,1
4581,1,1
9600,2,0
6535,1,0
6008,1,1
4045,3,1
20357,4,0
18731,1,0
8404,5,0
10603,3,0
19216,3,0
6367,1,0
9173,4,1
7622,5,0
15085,4,1
22579,5,0
18709,3,0
23032,2,1
19705,4,1
3512,5,1
18037,3,1
2847,5,0
17119,3,1
4346,3,1
13640,4,1
12697,2,1
3933,4,0
15378,1,1
14487,3,1
4319,4,0
13283,3,0
2833,1,0
19334,2,1
67,4,0
11458,4,1
3485,3,0
18768,4,1
12869,2,0
6741,4,1
22250,2,0
5417,4,1
11083,1,1
1700,4,0
4919,2,0
11437,1,0
223,2,0
9087,3,0
21125,4,0
1310,1,0
11701,1,0
15921,5,1
600,2,0
13710,3,0
10577,1,1
5292,3,0
2834,1,0
2838,3,0
18285,3,1
22278,1,0
1003,4,1
16993,3,0
9545,4,1
1072,3,0
12548,1,0
20671,4,0
4756,5,1
20644,5,1
15803,2,0
23356,3,0
10036,1,1
19067,2,1
5561,1,1
19867,5,1
20268,4,1
1096,1,1
22170,3,1
22804,2,1
1841,1,0
5148,1,1
2010,2,1
19822,5,1
12912,2,0
14240,2,1
15933,1,1
21160,5,0
15872,4,1
15077,3,0
10233,5,1
14752,4,0
3316,1,0
13275,4,1
19089,5,0
11374,3,0
4529,2,0
16907,3,0
5352,3,0
18461,3,1
2205,2,0
7339,4,0
7254,2,0
15889,1,0
13795,5,0
6481,5,1
11837,4,0
1761,5,0
2866,5,0
6464,3,1
13299,3,1
10383,4,0
7130,3,0
5717,3,0
5001,3,1
4263,5,0
22212,3,1
6348,5,1
12610,5,0
18752,1,1
11239,1,1
2977,1,1
14333,5,0
1265,5,0
20999,3,0
16297,2,0
17641,1,1
12463,3,0
9189,2,1
11409,3,1
13704,1,0
5349,3,0
3943,3,0
14993,2,0
14394,5,0
3692,2,0
19185,4,0
4157,2,1
1288,3,1
21388,2,0
5485,3,1
4617,4,1
7959,2,1
11141,2,0
22551,4,1
10984,1,0
13399,3,0
21502,4,1
18246,1,1
18486,2,0
7556,1,1
4486,3,1
15951,2,0
14077,4,1
22032,4,1
7379,4,0
11072,3,1
13988,3,1
3907,3,1
4634,1,0
14628,1,1
1322,3,1
14065,4,1
10168,4,1
5557,2,1
1820,4,0
3368,1,1
17279,2,0
17803,5,1
3588,4,0
9617,4,1
17043,1,1
17438,2,0
9820,3,1
6664,1,1
52,5,1
11956,4,0
10882,5,0
8533,1,1
7394,3,1
10808,3,0
3833,4,1
15342,3,0
21036,2,1
14423,5,0
12474,3,1
5051,2,1
735,5,1
4918,2,0
19804,2,0
20205,5,1
8666,4,1
16400,5,1
17016,4,0
21274,2,1
14132,4,0
11968,5,1
20459,5,1
17887,5,0
7748,2,1
12991,2,1
6344,3,1
4954,5,0
17771,4,1
3673,4,1
13310,4,0
4353,4,0
10054,3,1
5761,3,1
5786,1,0
20406,5,0
10774,4,1
16307,2,0
13698,2,1
17336,3,1
22255,3,0
1575,2,0
5222,1,1
1743,5,1
19668,4,0
9626,1,0
20911,3,1
11993,5,1
8698,2,1
19443,2,1
15472,5,0
2910,5,1
18800,3,0
19609,2,0
2367,5,0
5800,4,0
6795,5,0
3599,1,1
14749,4,0
6169,4,0
863,4,1
7661,2,0
239,5,0
17107,3,1
8137,3,1
12470,4,0
5214,4,0
20953,4,1
17472,2,1
11542,5,0
14419,3,1
15894,1,0
11791,1,0
22820,1,0
11006,1,0
8561,2,1
14843,4,1
17473,5,0
7284,1,0
2895,5,0
17894,1,1
21739,4,0
17522,1,0
2778,5,0
10947,2,0
14350,3,0
8596,2,1
3210,3,1
389,1,1
9354,3,1
15874,5,1
1797,5,0
13253,4,1
1591,4,0
5490,5,1
8382,5,1
13539,2,1
2484,1,1
6010,3,1
7557,2,1
14701,5,1
15182,2,0
16967,2,1
22723,2,1
14889,5,0
3063,5,1
20536,4,0
13669,1,1
14902,1,0
21246,2,1
22260,3,0
21814,1,0
12446,2,0
4510,1,0
4776,1,1
15945,2,0
13066,3,1
16649,3,1
397,5,1
7537,3,1
1386,1,0
17470,2,0
2475,1,1
9817,5,0
2067,5,1
13081,3,0
2927,5,0
16253,4,0
4456,3,1
22086,1,1
18657,4,1
12833,2,0
13948,4,1
18106,2,1
22483,3,0
10980,2,1
16746,2,1
10779,1,1
8274,5,1
19872,1,1
13188,3,1
8204,3,0
20101,5,0
20723,5,0
11537,3,1
22524,4,0
9530,4,0
13102,4,0
9997,1,0
11514,3,1
14955,2,1
19301,4,0
7603,3,0
4126,4,1
20728,1,1
7832,3,0
14616,1,1
16518,4,0
10241,4,0
1637,2,0
18038,1,1
12875,5,1
19129,3,0
5311,4,0
17270,3,0
13923,4,1
14349,1,0
10051,5,1
9101,4,0
22714,5,0
222,3,1
2998,4,1
11695,3,0
5876,3,1
16329,2,1
2635,1,0
4417,2,0
16585,3,1
20798,4,0
3380,2,1
15612,1,1
22892,1,1
12797,1,1
23024,3,1
22309,4,1
3197,4,1
11764,4,0
10707,3,1
18770,4,0
6018,3,1
21727,4,1
23284,2,0
17450,4,1
7952,4,1
3003,2,0
10226,3,0
8591,5,0
15708,5,0
4815,5,1
11476,2,0
1209,3,1
4375,3,1
12126,1,1
5920,1,1
15624,5,0
15171,4,0
1690,2,0
15330,4,1
8153,2,1
17212,4,1
5671,5,1
21470,1,0
9201,2,1
12754,2,1
10029,3,1
14875,5,0
7349,1,1
20946,5,1
21957,3,1
16124,4,0
3429,4,0
8076,4,1
20359,1,0
18964,2,0
9297,4,0
5904,3,1
14377,4,0
23088,3,0
11356,2,0
13033,1,1
12669,1,0
5823,1,0
13511,3,1
12272,1,0
11844,2,1
16398,4,0
3081,4,0
18113,4,0
16343,5,0
2015,5,1
4203,4,1
16509,1,0
22940,4,0
16477,2,1
23285,3,1
21971,2,1
18808,5,0
6776,1,1
609,1,0
1708,5,1
12756,2,0
19162,1,1
6350,3,1
11508,2,0
7522,1,1
1793,1,1
7061,3,0
21242,4,1
22587,5,1
16543,3,0
10944,4,1
2122,3,0
18489,5,1
23431,2,1
2416,1,0
3206,5,0
50,4,1
4878,4,1
11745,5,0
23264,4,0
16698,2,0
8840,1,0
8077,5,0
21419,3,0
2021,1,1
809,5,0
4051,1,1
11719,5,1
21801,3,0
13677,2,0
7512,4,0
7479,5,0
11994,2,1
861,1,1
5909,3,0
19177,2,0
290,2,0
8740,5,0
1900,5,1
2155,3,1
260,3,1
16308,4,1
19292,2,0
8956,4,1
14609,1,0
5764,2,1
16716,1,0
9045,4,1
17669,4,1
15430,1,0
5836,3,0
19726,2,1
5510,4,0
3919,1,0
13042,1,0
1415,4,1
16783,2,0
11522,4,1
10279,3,0
23161,3,1
9728,5,0
18793,1,1
8192,5,1
9689,1,0
717,2,0
521,2,0
4872,3,1
7960,5,1
20888,2,0
1367,1,0
17501,5,1
15871,4,1
18390,3,1
18853,3,0
5409,2,0
15497,3,0
20917,4,1
18551,3,0
6393,3,0
6979,5,0
5963,1,0
13810,1,0
19469,1,1
14633,3,1
20036,5,1
13415,3,1
16099,4,1
4190,5,0
15746,2,0
8073,2,0
23472,2,1
17287,3,1
2297,5,1
13269,5,0
5235,2,1
22259,1,0
13858,4,0
4825,3,0
12439,1,1
2832,1,1
17800,3,0
7702,4,0
20925,1,0
21816,5,1
20518,3,0
11833,3,0
19832,2,0
96,1,0
6699,5,0
5076,4,1
20948,2,1
14560,5,0
19369,4,1
5216,5,1
14771,2,1
10634,3,0
15060,3,0
10483,3,0
7676,3,0
15267,3,0
20016,1,0
9373,3,1
17684,1,0
3463,3,0
21235,3,0
12892,5,0
821,1,0
7001,3,1
15283,1,0
3154,1,0
18809,5,1
22300,5,1
19441,3,1
17327,5,1
12030,1,0
13985,2,0
18499,4,1
2402,4,1
22133,5,0
3350,5,0
5535,3,0
13200,3,0
10183,5,0
23350,1,0
22638,2,1
17753,4,1
10891,2,1
15003,2,1
7395,4,1
10749,4,1
15777,3,0
5695,5,0
21173,4,1
7266,4,0
10074,1,1
21890,4,1
3861,2,0
5224,4,1
4953,5,1
18774,2,0
5582,4,1
16592,5,0
22557,4,1
14079,1,0
4100,5,0
10467,4,1
2611,2,1
363,5,1
15272,5,1
9852,4,0
20866,5,1
12346,1,0
14004,4,1
14215,1,0
11380,2,1
341,4,0
6227,1,0
12673,3,1
7221,3,0
10925,2,1
14462,4,1
12945,5,0
21440,5,1
20973,2,1
8149,3,1
6256,4,0
1781,3,1
22287,5,1
1337,1,0
15300,1,1
12704,5,0
11194,1,1
14602,3,0
21198,4,0
15974,4,0
8580,3,0
14640,1,1
9805,2,1
19946,1,0
284,3,0
5640,4,1
2609,2,0
12962,3,0
16604,3,0
9336,3,0
1035,2,0
18552,4,0
9462,2,0
2287,1,1
14368,4,0
8216,3,0
12012,3,1
1755,4,1
148,4,1
5089,5,0
6790,4,0
10777,4,0
11909,4,0
8324,5,1
13986,1,0
398,3,0
19709,5,1
13556,2,0
18125,1,0
16660,3,0
16802,2,1
1581,3,1
18927,1,0
16464,4,1
18944,1,1
15955,4,1
20720,3,0
19698,5,0
15488,4,0
13841,3,0
6434,2,0
2981,5,0
20447,1,1
1644,5,0
13910,3,0
18845,3,1
9503,5,0
4150,3,0
6588,1,0
4479,4,0
19981,4,0
18804,5,0
20524,5,0
4537,3,0
651,1,0
1375,4,1
15317,3,0
14739,4,1
7545,5,0
5250,2,0
15581,1,1
13363,5,1
21623,2,1
13637,1,1
16332,2,1
6445,5,0
5246,1,0
7069,1,0
719,1,1
17761,1,1
20615,2,1
19780,5,0
1614,2,0
20427,1,1
2612,5,1
2415,3,0
2034,1,1
3853,1,1
9005,4,1
23279,5,1
3605,3,0
6349,5,1
3768,1,1
19740,2,0
14094,1,1
6700,2,0
8252,3,1
23330,3,0
6423,3,0
19124,5,0
19221,5,0
19704,2,1
4501,3,0
10745,4,0
6531,3,1
13443,3,0
7736,5,0
6338,1,0
13837,4,0
2974,4,0
3321,5,1
12896,3,1
539,5,1
13381,4,1
7965,5,1
9378,3,0
12134,3,1
18607,2,1
17954,5,1
15999,1,0
5701,4,1
4666,2,1
7844,3,1
12644,1,1
16721,4,0
15651,2,0
4845,3,1
2437,2,1
9121,1,1
4387,1,1
6551,5,0
166,1,0
7015,5,1
7719,2,0
19096,4,0
18810,3,0
14504,2,0
4186,3,0
21046,3,0
9246,3,1
17404,5,0
8012,1,0
8532,1,1
16427,2,1
3758,4,1
3693,2,0
3500,2,1
13938,3,1
4432,1,0
22416,3,0
15180,5,0
9895,2,1
11840,2,1
120,1,1
18598,3,1
6888,1,1
22745,5,1
147,4,1
19717,4,1
13366,4,1
23361,3,1
14383,5,0
17073,1,1
16724,1,0
10012,1,1
12111,5,1
3706,3,0
13061,1,0
20869,1,0
8110,1,1
22611,4,1
9170,3,0
17325,4,1
16262,5,0
21773,5,0
20836,1,1
18479,4,0
19540,1,1
13348,2,1
18153,1,0
13587,2,0
18202,4,0
13021,5,1
6382,4,0
17787,1,0
11311,1,0
618,5,1
20663,4,0
17618,3,0
8327,4,1
20903,1,1
21731,4,1
15652,4,1
6182,1,0
7678,1,0
21930,2,1
5499,4,0
6361,2,1
56,3,0
999,2,1
12536,2,0
3006,1,0
18827,2,1
11328,1,1
9878,3,1
11812,5,1
21375,1,1
21350,4,1
11609,1,1
17303,3,0
10216,5,0
18813,3,0
13680,2,0
18569,5,1
22383,2,1
4294,2,0
20075,1,0
8897,2,1
14265,3,1
20380,2,0
20048,2,0
2700,2,1
6125,4,0
4497,4,0
13022,5,1
21053,3,0
6068,5,0
12003,3,0
8934,2,1
5139,5,1
22819,3,1
20552,5,1
16866,3,1
4870,5,1
5986,3,1
10297,1,1
5878,5,1
11982,5,1
23018,5,1
8527,3,0
5478,5,0
20690,1,0
2114,3,0
21736,3,0
6117,5,0
9578,1,1
14255,4,0
2791,3,0
9546,1,0
23114,4,1
18237,5,0
16019,1,1
5610,3,0
920,5,0
19303,3,1
12987,4,0
14313,4,1
16883,1,0
6215,3,0
18645,1,1
1584,2,0
15479,3,0
17579,1,1
21213,3,0
11307,3,1
16060,4,0
2950,4,1
8485,4,0
17751,1,1
17381,2,0
9000,3,1
21282,3,1
13554,1,0
3403,1,0
21789,1,1
2759,3,0
9522,1,1
5296,4,1
15366,1,0
14728,2,0
19072,1,0
13977,3,1
4911,1,0
17975,3,0
6624,1,0
4798,4,0
15796,3,0
509,4,0
14942,1,0
7416,5,1
12074,4,1
9386,2,1
9033,2,1
17597,5,0
8492,4,0
21308,1,1
13110,2,0
23452,2,1
11070,1,0
20730,4,1
20337,3,0
4561,1,1
13908,2,0
9014,2,0
7372,1,0
20916,1,1
15572,4,0
22444,3,0
12388,2,1
1884,5,0
1295,3,0
21990,3,0
20748,1,0
17451,2,1
11561,1,1
7393,5,1
4340,5,1
9557,5,1
3371,2,1
11241,3,0
7631,2,1
8889,2,0
3522,2,1
19468,3,0
17291,2,1
2653,2,1
8779,4,0
13003,4,0
14223,4,1
2085,1,1
15823,2,0
8119,3,0
21219,2,1
13820,4,0
3491,3,0
9950,2,0
23010,2,0
2989,4,0
5933,4,1
12344,1,1
21593,5,0
22772,4,0
5077,5,1
19204,4,1
11441,5,0
4301,2,0
14660,2,0
14918,2,1
20086,1,1
14216,1,1
3891,2,0
8019,2,0
11107,1,1
2383,5,1
12209,4,0
5185,4,1
4559,1,0
19736,4,1
12897,5,0
20740,5,1
21578,1,0
18252,2,0
12824,2,0
14233,1,1
5711,4,1
18304,1,1
20242,4,1
14798,4,1
5019,3,1
21358,2,0
3256,4,0
14485,4,1
22376,2,0
18100,4,1
4525,5,1
21732,2,0
2481,1,0
5152,3,0
23458,4,0
20002,1,0
20241,4,1
7155,5,0
1074,4,0
18214,1,0
18520,1,0
15012,4,0
11610,5,1
2578,2,1
7033,4,0
14697,1,1
22784,1,1
22202,3,0
20238,4,1
18948,2,1
20255,3,1
11150,3,0
11359,4,1
1010,2,1
19026,4,0
663,1,1
1715,4,0
12852,5,1
7730,4,0
8960,3,1
628,3,0
11773,2,1
2360,5,1
6684,1,1
11188,1,0
8354,4,0
16754,3,1
13148,3,1
17860,2,1
7908,3,0
18055,3,0
10339,4,1
12507,5,0
18199,4,1
19174,2,1
3258,4,1
454,3,0
17944,2,0
15148,1,0
834,4,1
5131,4,1
19670,2,0
23354,2,0
5930,2,0
9226,3,1
5259,3,1
16772,2,1
12843,3,1
19290,1,1
8874,2,1
1724,1,1
18829,3,0
10840,2,1
13096,4,1
18852,2,1
17838,2,1
9641,3,0
5605,2,0
18592,4,0
6176,1,0
7507,1,1
21080,4,0
13503,4,0
14773,2,0
14239,4,0
19091,1,0
23339,2,0
12594,2,1
22583,4,1
23217,5,0
18549,1,1
9102,3,0
2331,5,1
3849,1,1
5793,1,1
19164,2,1
22010,3,1
1254,2,1
11075,3,0
8823,3,0
20109,2,0
21791,1,1
16992,1,1
12545,5,1
20753,3,1
10640,1,0
22056,4,1
20676,1,1
879,4,1
7158,1,0
4808,4,0
12799,4,0
15927,3,0
22822,5,0
1377,4,0
3225,4,0
21038,3,1
22925,2,1
8820,2,0
683,3,1
7893,3,1
10366,3,1
6004,2,0
16008,2,1
14284,1,0
12691,3,1
22987,4,0
11616,3,1
10561,2,1
2940,2,0
18221,2,1
268,1,1
20813,4,0
2384,1,0
18879,5,1
5927,2,0
6997,3,1
13789,4,0
22019,2,1
22040,1,0
10161,1,1
18001,1,0
697,1,0
22681,1,1
10512,3,0
19806,2,0
35,4,1
18986,2,1
23480,5,1
8791,3,0
1661,1,1
5565,1,0
10615,3,1
17193,1,1
22592,4,1
4585,3,0
18541,3,1
10616,5,0
10310,1,1
11576,5,1
19007,3,1
8060,3,0
21541,3,0
10386,2,0
16272,1,0
4893,3,0
16726,3,1
11902,5,1
21635,3,0
17347,1,1
21888,3,1
6652,1,0
14318,2,0
14665,1,1
19309,5,1
1165,2,1
13845,2,1
9699,2,1
11403,5,0
22827,2,1
13175,4,0
22627,2,1
19944,4,1
6872,4,0
7163,1,1
9508,2,0
21774,3,0
22689,1,0
13274,3,1
269,5,0
18866,5,1
8796,5,0
21461,3,0
937,5,1
10614,5,0
2255,3,0
925,2,1
21660,5,1
3777,4,0
1123,1,1
14010,5,0
1973,4,1
11196,2,0
14702,3,1
6496,4,0
1104,2,1
22321,1,1
8157,2,0
16367,4,1
9989,5,0
13416,5,0
14015,3,1
13222,2,1
13625,3,1
3918,4,1
7005,1,0
726,3,0
15844,5,0
11540,3,0
4877,1,0
15710,3,0
23261,2,1
3611,4,1
20141,2,0
30,2,0
18655,5,0
21499,5,0
13450,4,0
7697,1,0
10929,1,1
19906,1,1
16997,4,1
3844,3,0
22752,4,0
5662,2,0
15558,3,1
4503,3,0
17293,1,1
3204,2,0
7704,1,0
20040,4,1
13984,4,1
13936,5,0
21746,3,0
733,4,1
4817,3,0
13982,5,1
18620,3,0
5449,5,1
16971,5,1
18642,3,1
7873,4,0
11708,2,1
6259,4,0
23222,5,1
16968,3,1
5765,2,1
20902,1,1
20960,4,0
5059,3,0
21808,3,0
4379,4,0
149,3,1
13872,5,0
11439,5,0
17551,1,0
12150,5,0
18236,5,0
13740,2,0
11199,1,0
22964,4,0
6989,1,0
3088,4,0
3663,5,1
7695,5,1
2891,3,0
8219,3,1
22341,1,0
12648,4,0
11249,4,1
15731,3,0
21747,3,0
15825,5,0
12382,2,1
3163,3,0
20493,2,1
20574,5,1
18293,2,1
6365,4,1
3851,5,0
11744,2,0
1977,2,0
1838,3,0
3254,3,0
3330,2,1
16157,4,1
2294,5,1
6915,2,0
8484,3,1
3664,2,0
4933,3,0
5274,2,1
23309,2,0
10379,2,1
16972,2,0
6898,1,0
11524,4,0
11643,2,1
19973,1,0
21668,1,0
21942,2,1
8395,4,1
2731,5,1
15002,1,0
9903,1,0
17951,3,1
16839,4,1
23209,3,0
10904,2,0
1530,4,0
21941,3,0
1311,2,0
17353,1,0
15140,1,0
9080,5,0
2203,2,1
11802,5,1
22902,1,0
21454,4,0
20979,3,1
19635,3,0
8613,3,0
14009,3,1
3767,5,1
4565,4,0
8199,2,1
11797,1,1
2470,5,0
23413,4,0
1146,2,0
3872,4,0
585,5,0
17338,4,1
17830,1,0
5391,1,1
237,3,1
46,1,1
6119,2,0
4981,2,1
9317,2,0
13478,4,0
19553,4,0
14341,5,1
3944,4,1
855,4,1
13093,5,1
11287,4,0
8649,4,0
19213,2,1
5366,2,1
6817,1,0
21214,4,0
6425,5,0
18368,5,1
22945,5,0
4842,4,0
3464,5,1
4393,5,1
4533,3,0
11444,1,1
15694,5,0
18637,2,1
20684,4,1
22405,3,0
10933,3,1
11962,4,0
12479,1,0
5012,3,1
19180,1,1
129,3,0
7452,1,0
10490,5,0
19693,2,1
14409,1,1
12928,2,0
5240,4,0
2296,1,1
12612,4,1
5779,4,0
5404,2,0
10801,5,1
1318,5,0
22484,4,0
9149,1,0
12923,2,0
8707,3,1
18241,1,0
22595,3,0
16709,4,1
5015,1,1
16606,1,1
11018,3,1
15088,3,0
18707,3,0
11306,5,1
12577,1,0
17448,3,0
1429,4,1
9918,3,1
16499,4,0
6000,3,0
1943,3,0
6163,5,1
13471,2,0
16100,5,1
10526,3,1
6470,3,0
15462,1,1
10477,3,0
20099,4,1
17127,5,0
18894,3,1
9362,4,1
16517,2,0
18940,5,1
4741,3,0
23175,4,1
4036,3,0
11788,1,1
13427,3,1
8710,3,0
15250,2,1
18981,1,1
13492,2,0
18928,1,0
23176,5,1
924,3,1
13703,5,1
6376,5,0
16115,1,0
17821,2,0
16858,3,0
9251,4,1
3585,1,1
4773,3,0
5792,1,1
15860,2,0
19478,4,0
2510,2,0
6607,5,1
6618,3,1
19639,2,0
15195,2,0
17667,2,0
4433,2,1
6964,1,0
3267,1,0
7543,3,0
8141,2,1
11550,5,0
4946,4,0
12240,5,1
22072,5,1
185,4,0
11346,3,0
23184,3,1
5491,5,1
3103,1,1
15553,1,1
12887,2,0
17186,2,1
287,1,0
11300,2,1
23353,1,1
16216,5,0
12420,2,1
12316,1,1
23007,1,1
7983,5,1
8810,2,1
17692,5,1
11751,5,1
20738,2,1
14320,2,1
2282,5,0
5410,5,0
19501,3,1
13600,4,0
463,4,0
3096,2,1
6459,3,1
7125,4,0
19060,4,0
7641,3,0
18373,3,0
4418,5,0
14820,2,0
8809,4,0
5032,2,0
10374,3,1
23129,2,0
780,1,1
17367,3,1
624,2,1
16568,3,0
21399,5,0
1052,4,0
1505,5,1
11391,1,0
18426,5,0
20118,3,0
19926,4,0
7772,1,1
18729,1,0
10643,1,1
20727,4,1
8556,3,0
5946,1,1
10739,3,0
13317,5,1
12467,1,0
882,3,0
10811,5,0
3903,3,1
9501,5,1
1420,2,1
1208,2,1
8288,2,0
6639,3,0
15249,5,0
21523,3,0
12313,1,0
8570,4,1
12326,4,0
5327,4,1
18054,2,1
2972,2,1
1826,5,1
14594,1,0
23042,3,1
20338,4,0
10449,4,0
614,3,1
20412,3,0
8454,3,0
2988,1,1
18672,2,0
22116,1,1
14282,2,0
14119,4,1
18846,5,0
22407,2,0
1450,3,0
18868,5,1
19825,3,1
8563,3,0
4917,1,1
5112,3,0
17240,4,0
15487,5,1
10842,2,1
16264,3,1
1378,2,1
3130,1,1
17946,3,1
22024,4,1
1138,3,0
16321,2,0
2517,2,1
7889,1,1
23082,3,0
4228,1,0
15323,1,0
19975,4,0
15849,5,0
18798,3,0
2189,5,0
496,1,0
6239,1,1
19011,2,1
22314,5,1
7799,5,1
9381,5,1
4450,4,0
10619,2,0
9897,1,0
10607,3,1
11970,2,1
9086,4,0
12775,4,1
761,4,1
6130,5,1
3224,4,1
17258,2,1
22266,4,1
3430,4,0
17337,3,1
14612,5,1
16639,1,0
9645,4,1
18917,3,0
14106,3,1
7713,4,1
23477,4,0
23333,4,1
11327,3,0
17723,1,1
15790,4,1
7487,5,0
2140,4,0
4534,4,0
10299,1,0
12131,5,1
12315,1,1
18621,4,0
10907,3,0
4233,1,1
10283,5,1
1600,1,1
14388,4,1
20324,2,0
807,1,0
9709,3,1
17011,5,0
23461,4,1
23086,2,0
23483,2,0
10186,4,0
2172,1,0
22460,4,0
9917,5,0
7654,2,1
12986,4,0
20288,5,0
2102,2,0
9930,5,1
11789,4,0
9714,1,0
17668,4,1
1698,5,0
17931,4,0
12172,2,0
20914,2,1
17147,1,0
22986,5,0
5018,4,0
22912,1,1
2917,3,1
17499,4,0
22502,4,0
2644,1,0
22163,4,1
22547,1,1
16525,5,1
3032,2,1
2419,3,0
6244,2,0
19828,5,0
16861,5,0
22442,4,0
19689,2,1
14977,1,1
15079,1,0
2049,4,1
8780,5,0
20635,1,1
11823,1,1
12207,4,1
22021,4,0
13827,4,0
5531,1,0
11480,4,0
21435,4,0
1998,4,1
742,5,1
8355,5,0
19678,5,1
14078,5,0
20356,3,0
16227,5,1
13638,4,1
20438,1,1
22705,1,0
1027,4,0
6805,2,0
7638,2,0
7924,3,1
14031,5,1
11595,4,1
13788,2,1
2464,2,1
15739,5,1
8611,2,0
4094,3,1
8585,4,0
22937,1,1
10398,2,0
15538,3,0
13224,1,1
16149,5,0
7914,4,1
6832,2,1
3311,1,0
12736,2,0
11974,5,0
12184,3,1
5134,5,0
2633,2,1
3745,3,0
17565,1,1
10142,1,1
6246,4,0
17038,1,1
20512,5,0
8250,1,1
16457,1,0
3783,3,0
18395,5,1
11709,4,1
6574,1,1
8795,5,0
5712,1,0
14690,1,0
11927,5,0
15136,1,1
14870,2,0
19711,4,0
11137,3,1
3725,1,0
4631,1,1
19665,1,1
11471,3,0
12672,3,0
22581,2,1
10533,3,1
8069,2,0
13254,3,1
7420,2,1
1382,1,0
7178,4,1
14607,1,0
6557,5,1
5141,4,0
22176,1,0
11025,2,0
14774,3,0
9021,3,0
3164,4,1
8612,2,1
9124,5,0
20389,4,1
6437,3,1
11408,4,1
22916,3,1
17928,2,1
9288,1,1
16393,3,1
11510,1,1
9825,4,0
5075,1,1
2157,3,0
1918,5,0
5448,3,0
11177,3,0
3272,3,1
15112,2,0
4871,5,1
4238,4,0
18102,3,1
13991,3,0
1532,4,0
18789,2,0
9270,5,0
19002,1,1
9804,2,1
2956,4,1
17479,2,0
6374,5,1
2781,3,0
17152,1,0
19269,4,0
16623,1,0
7045,2,0
18133,3,0
19085,3,0
14953,4,1
3625,5,0
14892,4,0
15382,5,1
4937,2,0
21180,5,1
18051,3,0
606,4,0
10254,4,0
14084,5,0
18500,4,1
19769,2,0
22747,3,1
21865,1,1
8537,4,1
16433,5,0
9611,4,1
4008,4,1
16140,3,1
7253,5,1
8775,5,1
17979,1,1
17009,3,0
16921,5,1
21963,2,0
17262,1,0
12989,3,0
1385,2,1
4620,3,0
8617,2,0
18901,1,1
15388,3,0
8629,2,0
19771,5,0
21353,3,1
5954,1,1
18503,4,1
13651,2,0
13664,2,1
12337,1,1
14743,1,0
6479,3,1
6351,2,0
335,4,1
553,5,0
18782,1,0
2347,3,1
3265,5,1
7917,3,0
8352,2,0
23267,2,1
10908,5,1
11903,1,1
15570,3,1
6299,5,0
6876,2,0
13034,1,1
16655,2,1
16927,3,1
7838,4,0
23304,1,0
5814,5,1
1617,3,1
10677,3,0
12196,1,0
7514,3,1
23069,5,1
529,3,1
17198,3,1
19422,5,0
13365,3,0
6094,3,0
16245,5,1
15075,4,1
2382,4,0
13565,5,0
13043,4,0
8664,5,1
9348,3,0
11865,1,0
20092,3,0
4687,3,0
7082,4,0
19590,3,1
10575,1,0
2285,5,1
9513,1,1
18031,2,1
10598,5,0
5479,1,1
16998,2,0
13233,5,0
1211,5,0
21862,4,0
21449,4,0
19510,3,1
6849,4,1
20542,2,0
19785,3,1
14978,3,1
21568,2,1
19022,3,0
8184,5,0
671,4,0
22265,5,0
20489,5,0
20830,5,0
14260,2,1
21100,3,0
17378,1,0
458,1,1
8499,2,0
2966,3,0
19688,1,1
4910,2,0
4331,3,1
8918,5,0
6999,2,0
245,3,0
16637,5,0
2372,5,1
2358,3,0
13691,1,1
2216,2,0
20755,1,1
8155,4,1
2019,2,0
8217,4,0
3189,3,0
5915,4,0
11467,3,0
19917,4,0
21737,2,1
20486,2,0
8964,1,0
3769,1,1
20639,3,1
8898,1,1
12412,4,1
17046,5,0
4610,2,1
19706,2,1
4235,5,0
21142,2,1
15417,1,0
22793,2,1
6561,5,1
12505,5,0
7160,2,1
15932,5,0
12118,2,1
8304,3,0
10585,3,1
12028,5,0
18200,5,0
17112,3,0
9365,5,1
9891,1,0
10539,3,0
5503,4,1
21009,5,1
16515,5,1
8748,5,1
17890,5,0
8174,1,1
11463,2,0
12338,2,1
2934,2,0
4511,4,0
19775,5,1
3480,4,1
13339,5,1
3823,5,0
17820,4,0
7247,4,1
17234,4,0
14527,4,0
13770,1,1
16075,3,0
10505,2,1
18253,4,1
11340,3,1
2222,2,1
18216,1,1
1520,5,0
7911,4,0
20660,1,1
15364,3,0
551,3,1
4973,2,0
12565,2,1
5846,4,0
11736,1,0
11116,2,0
8839,5,0
17642,2,1
16364,4,0
18677,3,0
15168,2,1
13654,4,1
18328,4,1
16695,4,1
13730,5,0
18110,2,1
23239,2,0
4395,3,0
16905,4,1
2003,5,1
23269,4,0
1207,4,1
22194,2,0
21060,2,0
13656,3,0
22604,1,1
11990,4,0
2935,4,1
6640,4,0
19494,2,0
20773,1,0
10334,1,1
6693,4,0
3233,2,0
11498,5,1
18159,1,1
1502,2,0
6761,4,1
7474,5,0
13632,5,0
15942,4,0
316,1,1
1442,5,0
468,2,1
21177,5,0
11263,3,0
15027,1,0
10502,4,0
21893,2,1
1186,5,1
9843,3,1
12793,3,1
22206,3,0
1289,1,0
6701,4,1
12917,4,1
17846,2,0
16056,5,0
17027,2,0
5941,1,1
7275,1,1
3159,5,1
1849,5,0
202,3,0
12282,3,0
6067,4,0
18143,4,0
10559,4,0
22767,1,0
8164,4,0
7287,3,1
19400,3,0
15742,5,1
15888,3,1
12169,1,1
22811,5,0
2070,3,0
22486,2,0
988,1,0
7904,3,0
14359,5,1
2878,2,0
22331,4,1
19306,3,0
22759,4,0
23245,3,0
17498,5,0
2566,2,1
22419,2,0
12458,5,0
2106,3,1
17812,1,0
12628,5,1
20391,2,0
22631,2,0
17012,4,1
15103,5,0
13480,5,1
12105,1,0
6857,2,0
180,2,1
2044,1,0
3205,2,1
13871,4,0
536,3,1
20351,4,1
6298,4,1
20481,5,0
6245,2,0
17679,5,0
21892,3,1
1769,4,0
13551,1,1
11273,5,0
12462,1,1
14981,1,1
13440,3,1
11661,4,0
5337,3,0
22411,1,1
10979,4,1
18283,1,0
11796,1,0
14638,5,1
6106,4,0
9025,2,1
10384,3,0
20698,4,1
14704,4,1
4004,5,1
20067,3,0
15629,4,1
21464,2,0
18794,4,0
14632,1,0
12933,1,0
7423,1,0
4737,2,1
5401,1,0
6815,2,1
19881,5,0
20996,2,0
17994,3,1
1045,4,0
21345,2,0
5289,4,1
14834,5,0
4277,3,0
186,1,1
1674,4,0
1424,3,0
20998,4,1
18370,4,0
91,4,0
3475,3,1
10111,4,1
7685,4,1
13868,3,1
17657,1,1
3158,4,1
11269,3,0
4746,1,0
22788,5,1
7188,1,1
1468,4,1
14137,1,1
7121,2,1
11758,2,1
6309,5,1
3509,4,1
17113,2,1
141,3,1
14826,4,0
12932,1,1
45,1,1
13491,3,1
785,5,0
10527,5,0
14956,5,1
13705,4,0
14489,3,1
21567,5,1
10431,2,1
19110,4,0
568,2,1
21670,5,0
9622,2,1
561,2,1
22716,3,0
23096,2,0
16781,1,1
16626,5,1
12787,1,1
5612,2,1
14898,3,0
23408,3,1
14734,4,0
21879,3,1
12876,1,0
21913,1,1
6712,3,0
12572,4,0
13883,4,1
14611,5,0
10405,2,1
20490,1,0
14693,4,1
6347,3,1
21887,5,1
15952,1,0
11969,1,0
506,2,0
2682,5,0
18447,4,0
4204,4,0
12552,1,1
14999,3,1
10466,4,1
7289,2,1
16255,3,0
15474,2,1
1112,1,0
10893,1,1
2869,2,0
12107,3,1
16372,2,0
8010,2,1
57,4,1
5593,5,1
4849,3,1
3501,5,1
17332,3,0
12563,5,0
2275,3,0
16090,1,0
8977,1,1
12193,3,0
19382,2,1
20049,5,0
10812,2,1
10705,4,0
4114,2,0
4552,1,1
9194,1,1
20000,3,0
6453,2,0
21320,5,0
14262,4,1
1574,3,0
13144,5,0
3220,4,1
18786,2,0
22866,4,0
22639,1,0
4224,3,0
17672,3,1
15499,5,1
11835,1,0
1585,1,1
17910,4,1
19514,4,0
7053,4,1
15383,1,1
20436,4,0
13508,3,0
16579,2,1
19991,4,1
10187,3,0
8621,2,0
9755,2,1
13915,2,0
3608,3,0
14477,1,0
16102,5,0
9858,4,1
8101,2,0
17758,5,1
20689,4,0
3001,5,1
6197,4,0
19751,3,0
14148,3,0
18309,2,1
21276,5,1
8906,1,0
14597,3,1
7235,3,1
16952,4,0
23224,3,1
10606,4,1
5875,4,1
10119,2,0
18987,5,1
16394,5,0
18457,3,1
5934,3,0
9449,1,0
7627,1,1
21708,5,0
16381,5,0
9245,5,1
21625,4,1
12953,3,1
2097,5,1
14973,1,0
22726,4,1
20803,2,1
17893,2,0
12698,2,0
19450,1,1
18205,5,1
17659,4,1
13137,1,0
5720,5,1
6316,1,1
20087,1,1
20035,3,1
4754,4,1
17432,4,0
4287,5,0
2096,5,0
15099,2,1
16708,2,1
21022,4,0
10510,4,1
9653,3,0
18058,2,0
23142,1,1
13397,5,0
11333,1,1
19691,3,0
771,3,0
17710,2,1
7672,4,1
15125,2,0
9165,1,0
17350,4,0
16430,2,0
4451,1,1
15279,2,0
20870,1,1
4738,5,1
251,1,1
11257,5,1
5197,5,1
13218,5,0
59,2,1
6998,1,1
7951,1,0
16242,5,0
7504,3,1
9808,5,0
21187,5,0
12604,1,1
11572,4,0
10170,3,0
8364,1,0
4146,4,0
4987,2,0
23363,5,1
20776,2,1
2714,1,1
23000,1,0
9862,5,1
8280,4,1
7763,4,1
8903,4,1
11386,1,1
13649,5,0
19293,3,0
14596,5,0
20234,3,0
21807,4,1
21829,4,0
14391,3,1
6781,2,0
10856,4,1
9296,1,0
23220,5,0
22806,2,1
7118,4,0
6520,3,0
10850,5,0
15819,2,1
11481,2,0
13498,4,1
4444,5,0
687,1,1
22274,3,1
23103,1,0
21269,4,1
692,4,0
23040,5,1
20375,2,1
18959,5,0
3715,2,0
15666,5,1
3363,3,0
10416,2,0
7925,5,1
12955,2,0
9306,5,1
15428,2,0
17493,2,0
8419,3,1
9218,1,0
21398,4,1
10880,1,1
8182,2,1
5072,5,0
14469,4,0
21204,1,1
200,1,0
9064,4,0
883,3,1
12794,2,1
16166,1,0
9650,4,0
4052,5,0
13610,1,1
20680,3,1
22228,4,0
20095,1,0
19674,3,1
3776,3,0
23135,4,1
11518,5,1
8357,5,1
14434,5,0
23327,3,1
9053,1,1
5830,1,1
13756,1,1
7612,4,1
6440,5,1
11710,4,0
15768,2,1
21569,3,0
4425,5,0
2115,3,0
6126,3,1
3436,3,1
19191,5,1
1406,1,1
16342,4,1
6360,2,0
9654,5,1
4454,2,1
19093,3,1
20284,1,0
21176,1,0
5622,2,1
5852,3,0
13753,3,0
2690,2,0
668,3,1
4972,1,1
22812,1,1
10235,4,1
2582,4,0
22840,5,0
16813,5,1
16777,2,1
11497,3,0
18472,2,0
5400,3,0
10701,3,0
4577,5,1
250,5,0
9794,5,1
1555,3,0
5706,3,1
21452,4,1
16646,1,1
20463,2,1
19672,1,0
14720,4,0
2425,1,0
14097,3,0
8895,1,1
16011,2,1
22335,3,0
1226,5,0
1334,4,1
349,1,1
4132,4,1
15912,2,0
2500,2,1
4078,5,1
6808,4,1
12000,4,1
19316,4,0
12204,3,1
2412,5,0
3334,2,0
16643,3,0
2613,2,0
19537,4,1
12025,3,1
15241,4,1
15632,2,1
18513,1,0
17301,3,1
1904,5,1
13776,3,0
926,3,1
5162,2,0
15961,3,0
9093,2,0
21982,1,1
19058,3,0
18934,5,0
9467,1,0
20082,5,1
12732,1,0
5121,4,1
15092,1,0
9705,3,1
10974,1,0
2887,4,1
21088,2,0
8999,2,1
18485,1,0
13537,2,1
12431,4,0
1655,2,0
16878,1,1
12266,1,0
7881,5,1
23076,4,0
5381,4,1
11934,2,1
2060,4,1
17444,3,0
418,4,1
6626,3,1
18854,2,0
5902,3,1
14433,2,1
6058,3,0
18871,5,0
11813,4,1
18480,3,1
16309,2,1
218,5,1
388,5,0
17915,3,1
17315,4,1
22518,2,1
13414,2,0
22168,1,1
23392,4,0
14947,2,1
11225,1,0
7459,4,1
21598,1,1
2632,1,0
116,1,0
8319,4,0
22629,4,1
16215,5,0
13775,5,1
1752,5,1
18042,4,0
9376,5,0
22281,4,1
9264,4,1
11545,3,1
21120,2,1
3076,4,0
22585,3,1
10225,4,1
8843,5,0
5509,5,0
15644,4,1
9902,1,0
9456,5,1
15995,2,1
9455,4,1
8129,3,0
19686,3,1
7227,5,1
22487,5,0
15641,2,0
19241,2,0
346,2,1
6185,5,1
22284,4,1
2301,2,0
2747,5,0
13755,1,1
6878,4,0
1419,5,0
5123,4,1
19351,5,0
8635,4,1
5980,5,0
22132,3,0
19395,5,0
14159,3,0
12351,1,0
10446,5,0
23177,5,1
9703,2,0
8937,4,0
20194,4,0
1240,5,1
5783,4,1
10419,2,1
3246,5,0
4656,5,1
21614,5,0
19229,2,1
1215,3,0
6149,2,0
1910,2,0
16940,3,0
6492,3,1
15501,1,0
15098,4,0
6442,3,1
9551,2,0
4445,1,1
2144,4,0
1379,1,1
16133,3,0
19186,4,0
5256,1,1
6157,4,0
17526,4,0
505,4,0
17687,3,1
8963,3,0
18341,4,1
6784,4,1
6333,3,0
12685,4,0
14986,2,0
6373,1,0
8519,1,0
22860,5,0
256,1,1
21524,2,0
5481,5,1
2051,3,1
11175,5,1
19472,3,0
6710,1,1
18351,1,0
22674,4,0
18889,5,0
20775,3,0
9401,4,0
15948,1,1
2563,3,0
14392,2,0
1827,1,0
11573,3,0
14458,2,0
13357,3,1
8567,2,1
14736,1,0
21339,3,1
1510,5,1
16942,4,0
20770,5,0
1536,4,1
18530,3,1
7403,5,0
7765,1,1
13721,1,1
10102,1,0
8705,4,0
16795,5,0
12054,2,0
10289,3,0
15332,3,0
12675,5,1
9681,3,1
14254,2,1
5989,1,0
15320,4,0
21514,1,0
1972,4,0
6194,3,0
865,1,0
10663,5,0
22529,4,0
14984,1,0
4747,5,0
20129,3,0
1368,3,0
5957,4,0
20190,3,1
4663,2,0
17605,5,0
1253,3,1
22762,4,1
9528,5,1
12304,1,1
12017,2,1
7706,2,0
12173,2,1
13553,2,1
14759,3,1
18759,5,1
10009,5,1
16553,5,0
18497,4,0
23318,2,1
7932,3,1
5424,4,1
15549,1,0
5230,4,0
9875,1,0
21431,4,1
14021,1,1
3838,3,0
20716,1,0
15265,1,1
13404,5,0
7122,2,1
10487,1,0
10536,1,0
23376,5,1
3808,5,0
12070,3,1
8841,3,1
238,5,1
22291,4,1
2920,4,1
18616,1,0
9223,4,1
5388,1,1
19144,5,0
6186,1,0
18840,5,0
9757,5,1
9766,2,1
7869,4,0
9241,4,1
8983,1,0
13115,1,0
9775,3,1
4389,4,1
4502,5,1
16080,3,1
8111,1,1
16938,3,0
3207,5,1
1223,3,0
18450,4,0
23250,4,1
4443,3,0
7387,2,1
19000,5,1
23290,4,1
11326,1,0
21401,1,1
1688,2,1
6054,3,0
12939,5,1
16298,3,0
20858,4,0
2623,4,0
11732,5,0
4423,3,1
11937,5,0
15659,2,1
6637,2,1
6433,3,0
19390,2,0
13112,5,1
7584,5,0
12415,5,1
22134,1,1
10854,5,1
21171,5,1
13609,1,1
19347,3,0
20208,3,1
21368,3,1
7453,5,1
16793,5,0
9476,2,0
13132,3,0
12656,5,0
10800,1,1
10346,1,0
7417,5,1
53,1,0
22059,2,0
21728,2,1
2528,4,1
22791,4,0
22138,1,0
23328,2,1
15804,2,1
14269,5,0
8766,3,0
9809,1,1
5683,4,1
20758,4,0
9339,3,1
20408,1,0
1237,1,1
16291,2,1
22386,1,1
1251,2,0
20183,3,1
11945,3,1
1941,5,0
9656,2,1
22891,5,0
23216,3,0
9695,2,0
13844,4,1
4270,2,0
12077,5,0
6498,4,1
1324,4,0
15309,1,0
3393,1,0
4591,2,0
1489,5,1
15936,1,1
7389,2,0
6472,3,0
11219,4,0
23397,1,0
20752,3,1
15539,1,0
17675,2,1
14664,4,1
22548,5,0
14479,1,1
2254,4,0
10703,1,1
20647,5,1
12709,1,1
6335,4,1
6919,2,1
4583,4,1
11922,1,0
841,3,1
17794,4,0
5068,4,0
19700,3,0
17370,4,0
13322,4,0
8267,3,0
16984,3,0
16681,2,0
3222,4,1
13510,4,0
17409,5,0
16178,5,1
21529,5,1
20706,1,1
15216,4,0
10295,3,0
2064,1,0
7642,4,0
14958,3,0
7847,1,0
20390,4,0
10682,5,1
14860,4,1
17984,2,0
20581,5,1
12801,5,0
18957,1,0
14787,2,1
10382,2,1
11078,5,1
15127,1,1
11501,3,1
17456,3,1
2710,3,0
8490,2,0
12653,4,0
9614,1,1
7898,1,0
1447,4,0
10434,4,1
16710,1,0
10065,5,0
22054,4,1
21193,2,1
18363,2,1
6191,2,0
4717,2,1
5923,3,0
11793,1,1
19245,2,1
7110,4,1
1159,4,1
9942,3,0
22322,4,0
4347,3,0
4258,3,0
7215,4,0
11285,2,1
6882,4,0
21229,3,0
2855,4,1
4380,3,1
18560,4,1
17344,2,1
19798,1,0
5615,4,0
19339,1,0
22708,4,1
10725,5,1
8876,5,1
6398,2,0
748,5,0
13182,2,0
14893,5,0
17384,1,0
1812,5,0
368,5,0
20997,3,0
6685,2,0
12045,4,1
7929,4,1
20467,4,0
9361,2,0
12999,3,0
3314,1,0
14992,4,0
3888,5,0
10443,3,1
22953,5,1
20987,1,0
5960,4,0
6400,1,0
14859,2,1
23002,4,0
19004,3,0
1930,3,0
11743,3,0
23230,4,0
2474,3,1
1541,2,1
21984,5,0
21336,4,1
63,4,1
10272,3,1
23329,3,0
4539,4,0
11892,4,1
14900,1,0
10014,4,1
2111,5,0
22913,1,1
12608,2,0
11511,3,0
9036,4,0
21364,4,1
5854,2,0
14931,2,0
13752,2,0
21825,3,1
21259,5,0
10843,5,0
16052,5,1
10281,4,0
18174,2,0
21006,1,1
10797,1,1
2281,5,0
11013,4,1
23434,3,0
13737,5,0
8860,3,1
6709,1,0
20624,1,0
313,1,1
12625,1,0
23332,3,1
9683,5,0
16663,1,1
16167,5,0
1188,1,1
6253,4,1
22779,1,0
15826,3,1
55,4,1
11247,5,0
14492,2,1
21859,2,1
22608,1,0
11921,1,1
13742,3,0
992,5,1
3626,2,0
11598,3,1
18755,2,1
1083,2,0
11423,4,0
8690,3,1
10039,1,1
18249,5,0
15638,2,0
5685,2,1
18198,1,0
16589,4,1
17282,4,0
4751,3,1
6426,1,0
14162,3,1
20012,4,0
15439,5,1
15090,3,0
743,4,1
325,3,0
9963,2,0
516,5,0
2577,3,0
721,1,1
7551,1,1
12041,2,0
2232,5,0
2540,3,0
13149,4,0
7884,4,1
11668,5,1
2188,3,1
11995,1,0
3324,5,1
5229,4,0
1425,1,0
14118,5,1
9310,4,0
3234,5,1
18383,5,0
18215,5,0
2228,3,0
13113,4,0
1996,2,0
7231,5,1
8187,1,0
17745,3,0
4164,1,1
18510,5,0
6906,2,1
16348,1,0
10116,5,1
14782,3,0
15160,4,0
9090,5,1
6327,5,0
17689,3,0
21015,2,1
21039,1,1
10919,3,1
5896,4,1
13695,4,1
6633,5,1
19864,3,0
3780,2,1
6379,1,0
22958,4,1
637,2,0
19980,4,0
8385,1,1
8545,5,1
22947,4,1
20321,5,0
4111,4,0
5133,4,1
6816,3,0
17417,5,1
21749,3,0
15541,2,1
4019,2,1
1360,1,0
21923,4,1
5958,2,0
19386,3,0
17365,3,0
22680,1,0
21335,5,1
3289,1,1
9900,4,1
4180,4,0
16021,2,1
17148,4,1
14827,4,1
1126,2,0
1175,5,0
18126,3,1
7996,3,1
10757,2,1
8691,5,0
7186,4,0
4333,4,0
14446,3,1
17178,2,0
10208,3,0
7316,5,0
15876,2,0
4940,3,0
1693,5,1
11320,4,1
3733,2,0
1446,2,1
10750,3,0
16002,4,0
11485,1,1
5670,2,0
20938,5,1
605,1,1
20715,2,1
14976,4,0
6558,3,0
10825,4,1
11694,2,1
15544,5,1
4285,4,0
13937,4,1
5132,3,1
5919,2,1
23160,5,0
10498,4,0
217,4,0
61,2,1
17678,2,0
11012,2,0
11604,2,1
17948,5,0
13127,2,1
7916,3,1
8339,2,1
12770,2,0
5149,3,1
17864,1,1
18207,2,0
3257,4,0
3516,5,1
8415,4,1
1556,5,1
13057,3,0
20551,1,1
3977,1,0
9234,4,0
22862,5,0
866,2,0
16382,1,1
5210,5,0
4104,2,1
636,3,1
18911,5,0
8463,2,1
11129,2,1
9838,1,1
16493,4,0
2361,2,1
899,2,1
5999,2,1
3072,5,0
19127,4,0
11575,3,0
23084,1,1
2080,4,0
16281,3,1
4343,3,0
1120,3,1
8552,4,1
21649,3,1
17039,2,0
14143,4,0
8626,2,1
3034,5,0
10537,4,1
23312,4,0
5843,1,1
1576,1,1
7159,5,1
8392,3,1
15006,3,1
4063,1,0
18757,3,0
1397,3,1
7778,4,0
13894,3,0
10122,2,1
19135,5,1
22512,5,1
20884,2,0
18688,5,0
15594,2,1
6038,3,1
8379,3,1
5013,1,1
7342,4,0
17585,3,1
22338,2,1
13267,1,1
17329,3,1
11853,2,0
5810,4,1
14695,2,0
203,3,0
17465,5,1
14226,4,0
18459,4,0
9422,2,0
6435,4,1
22299,2,0
5732,4,0
4305,2,1
4961,2,1
13815,5,0
18161,3,0
3128,3,0
3312,1,1
17834,4,1
744,2,0
9879,4,1
11662,5,1
7358,3,0
21444,1,1
11611,3,1
5382,2,1
5444,4,1
13486,1,0
2215,4,0
15855,2,1
21556,3,1
15621,2,0
15354,3,0
13325,2,1
8825,1,0
11810,2,1
20148,2,1
9979,5,1
3669,1,0
2156,5,0
9463,3,1
10543,2,1
12662,1,1
17772,2,0
17822,5,0
9440,3,1
3978,4,1
7895,5,0
12938,5,1
4536,4,0
772,2,1
442,2,1
17354,4,0
12972,4,0
19893,3,1
21896,2,0
1879,1,0
19782,3,0
4886,1,0
18204,1,0
21607,5,0
1110,4,0
10927,3,1
15537,2,1
20030,1,0
12188,1,0
6697,4,1
14273,2,1
378,2,1
352,2,0
9832,3,0
16856,5,1
6856,1,1
22668,1,0
1097,4,1
8407,2,0
10831,5,0
7415,3,1
11529,5,1
7579,1,1
11198,1,1
2124,1,1
6892,5,0
16846,4,1
14598,2,1
21327,4,0
10515,2,1
5669,2,1
22774,4,1
14382,3,0
4429,3,0
17379,5,0
23178,5,0
17741,5,1
23470,1,1
8466,4,0
9783,4,1
8826,1,0
10711,4,1
19341,3,1
20173,5,0
19509,3,0
2765,4,1
15697,4,0
6852,4,1
18000,2,1
19787,4,1
10591,4,0
6476,5,1
16370,3,0
10649,2,0
18136,3,0
20291,1,0
3835,3,0
6670,3,0
9312,1,1
8036,1,1
22533,4,1
12954,4,1
19905,5,1
22841,3,0
2773,4,0
360,1,0
11646,2,1
14192,5,0
14165,1,1
20604,3,0
10378,5,0
20477,5,1
1764,1,1
15772,1,1
18305,3,0
17540,2,1
6291,3,0
18733,3,1
19772,2,0
10899,2,1
19545,1,0
15314,2,0
9182,2,1
22798,3,1
19215,3,1
8954,1,0
15031,5,1
16549,3,1
15791,2,0
15618,4,0
12877,2,0
20621,2,1
21599,3,0
21691,5,1
4621,5,1
20559,3,0
11420,2,1
7875,1,0
17816,1,1
9976,1,1
9072,5,1
5508,5,1
16147,2,1
7801,3,1
9753,5,0
16890,2,0
16460,4,0
16857,4,1
21261,1,1
23043,5,1
20744,5,1
20601,3,0
16228,2,1
20675,2,0
16675,3,1
16458,4,1
20225,2,0
17819,4,0
1011,3,0
14073,4,0
20764,4,1
8329,2,1
7477,3,0
1357,1,1
3010,5,1
19182,5,1
20736,1,0
16526,4,1
13955,2,1
8997,5,0
23101,2,1
22417,3,1
3295,1,1
8103,1,1
1033,3,0
8308,2,0
19593,2,0
14070,4,0
9592,1,1
21436,2,1
6563,4,1
12027,4,1
16362,4,0
12785,4,0
7906,4,1
8389,4,0
20105,5,1
210,4,0
15605,4,0
11803,5,0
99,5,1
21423,4,0
14116,2,1
8218,1,1
3699,3,0
16936,5,0
3909,5,0
8667,2,0
1533,4,1
814,4,1
6649,5,1
16532,1,1
22237,3,0
5178,3,1
2027,2,0
10549,5,1
19641,4,1
12448,3,1
13104,3,1
21943,3,0
18358,3,1
15679,4,0
14023,3,1
20496,2,1
17485,2,1
19140,3,0
11332,2,1
22113,1,0
17063,2,1
2387,3,1
16355,2,1
14179,1,0
21813,5,0
4955,4,0
7291,2,1
437,5,1
20794,3,1
20292,1,0
8353,4,0
3301,1,0
16259,1,1
6973,1,1
6292,1,1
7051,1,0
3830,4,1
19299,5,0
16325,5,1
18890,4,0
2905,5,1
14126,1,0
19160,4,0
15329,1,0
15419,3,0
1862,1,1
21223,4,1
18836,3,1
20978,2,1
858,5,0
15839,1,1
15047,3,0
13481,2,1
2846,1,0
16960,1,1
7624,2,1
3671,3,0
5351,4,1
9492,3,0
20538,1,0
19378,2,0
11222,1,1
11742,1,0
5480,5,0
21741,2,1
10601,5,0
20510,1,1
21451,2,1
10465,2,1
7481,2,0
4889,1,0
21824,2,1
20908,5,0
1578,1,1
2687,4,0
9050,1,0
19982,2,1
18728,4,0
6160,2,1
15371,3,1
13925,1,1
4014,4,0
14763,5,0
7399,2,1
3326,5,1
17297,3,1
21696,3,1
17921,4,0
22393,2,1
23046,5,0
1719,5,0
1089,5,0
1229,2,0
7489,3,1
20058,5,0
20410,3,0
8872,3,0
15547,2,0
7493,5,1
10113,1,0
21122,2,1
12040,5,1
22803,5,0
14059,3,0
20433,3,0
23338,2,1
20448,4,1
22771,4,1
5795,5,0
20709,1,0
21695,2,0
3561,2,0
5538,4,0
17463,3,1
10145,4,1
3869,3,1
11714,2,1
7112,3,1
557,3,0
1618,2,0
6104,4,0
11060,5,0
6749,3,1
5493,1,1
20491,2,0
20865,1,0
13631,2,0
14029,4,1
17199,4,0
23447,1,1
4213,2,0
14590,3,1
20831,3,0
21379,4,0
10602,1,1
15765,5,1
17159,3,0
17265,4,0
7737,2,1
2537,5,0
11528,1,1
11870,2,0
16876,1,0
12228,4,1
1453,2,0
16495,1,1
20592,2,0
2099,4,1
11600,1,1
3831,1,1
582,4,0
12081,3,1
13458,4,1
19434,5,0
1945,1,1
7421,3,0
16126,2,1
6243,2,1
11901,4,0
22649,5,1
6644,5,0
8916,1,1
3338,1,1
19082,1,0
916,5,1
4075,1,0
18301,3,0
13582,2,0
16490,3,0
3249,3,1
16327,2,1
21905,2,0
3458,3,0
4371,3,1
19783,2,0
8093,3,1
43,1,1
366,5,1
15306,4,1
6059,5,0
18322,5,1
3911,2,1
16505,4,0
20281,2,1
7196,2,1
5392,5,0
11125,1,1
20573,3,0
3905,1,1
10073,2,0
22022,1,0
12031,5,0
19952,2,0
18640,5,0
8776,2,0
20811,5,0
9849,4,1
7760,2,1
1085,4,1
15747,1,1
21042,3,1
15374,3,1
17683,1,1
13607,1,1
22614,3,1
13889,2,0
13577,2,1
19903,2,1
17748,5,1
15656,4,0
7843,1,0
22496,5,0
17238,4,0
21064,2,1
22359,5,1
16360,1,1
22406,3,0
469,3,0
5045,3,1
8456,3,0
8877,5,0
8030,4,1
19470,5,1
9580,2,1
16148,2,1
16277,2,1
9890,3,1
13761,4,1
7056,3,0
2964,5,0
13337,2,0
9460,3,1
2498,5,0
10003,1,0
10046,4,1
10317,3,1
10752,1,0
2460,4,0
10169,1,0
21571,3,0
13162,5,1
6841,5,0
9893,5,0
16088,2,1
7886,2,1
4956,4,1
7864,3,0
6407,2,0
13853,2,1
11765,4,1
9523,5,1
12149,3,0
2266,1,0
8699,4,0
4623,1,0
22693,1,1
1459,3,0
21354,5,1
8048,4,0
306,4,0
9603,1,0
5856,5,1
22382,2,1
9807,3,0
12001,5,0
2526,3,0
13333,4,0
17126,1,0
4991,1,0
476,4,1
16213,1,0
8087,3,1
9490,3,1
3921,2,1
13085,1,1
18488,1,0
18083,3,1
8332,3,0
1333,5,0
14019,4,0
3765,3,0
20719,1,0
16758,5,1
16944,1,1
2032,2,1
12701,4,1
1500,1,0
12857,5,0
8406,5,1
13657,1,0
8715,2,0
1156,5,1
12411,1,0
3276,1,1
2371,1,1
7179,2,0
18956,3,0
21069,1,0
16164,4,0
6324,1,0
21947,1,0
14,1,0
6390,3,0
4118,2,0
12663,4,1
787,5,1
1663,5,1
21157,3,1
12116,2,0
6190,5,1
16123,5,0
19673,2,0
1136,1,1
3505,5,1
4406,2,0
17614,2,1
4587,4,1
17738,1,0
20421,1,1
8896,1,1
20152,1,1
3533,4,1
1983,5,0
8491,4,0
20240,3,1
5198,2,1
3479,5,0
13660,4,1
18680,4,1
16326,2,1
9733,5,1
11863,5,0
8883,2,0
11887,1,1
20416,2,1
3927,5,0
3478,3,1
1034,3,1
22080,1,0
9016,5,1
2723,2,1
20705,5,1
1090,1,1
9944,2,0
4659,1,1
4355,1,0
8282,1,0
22159,5,0
4960,5,1
16318,3,1
9337,3,0
10313,4,0
11984,1,1
2758,4,1
18066,4,1
9569,1,1
16523,4,1
6284,2,1
5307,4,0
22711,4,0
3450,5,0
1004,3,1
15687,1,0
21653,5,0
4729,2,1
22425,5,0
19243,3,0
12634,3,0
11750,1,1
10086,5,1
1723,2,0
14272,3,1
4625,5,0
6380,3,0
9130,3,0
19534,4,0
533,1,1
13244,2,1
6202,4,1
11503,2,0
3260,2,0
21265,5,0
15672,4,0
16103,4,1
7461,2,1
16826,3,0
11064,2,1
1490,4,1
12269,5,1
2251,5,0
16812,4,1
3401,2,0
14113,4,0
4767,5,1
17784,2,0
6643,2,1
10597,5,1
21619,2,1
17996,5,0
1788,1,0
18664,2,0
16042,3,0
6095,5,0
13720,4,1
9748,4,0
5414,5,0
20612,2,1
9188,5,0
12123,1,1
6890,5,1
18338,4,0
12232,5,1
10768,4,1
22717,5,1
18953,3,1
16201,4,1
19111,1,1
19607,3,1
16838,2,1
14691,3,0
23464,2,1
19255,1,1
16432,3,1
16552,2,1
15334,4,0
10516,5,1
13549,4,1
19188,3,1
16873,1,0
20988,4,0
7206,5,0
17047,2,0
3048,4,0
7970,2,1
11817,3,0
20724,5,1
16759,3,0
3026,5,1
23316,4,0
7544,3,1
17000,3,1
9137,5,1
10307,4,0
2841,4,0
4208,3,1
20688,2,1
2774,3,0
4888,5,1
19999,3,0
21291,3,1
17182,1,0
16206,5,1
6720,2,0
9754,5,0
2749,2,1
17645,2,1
13036,3,1
20614,4,1
713,3,0
10959,2,1
10588,5,0
15018,4,0
6696,5,1
11192,2,0
18932,1,1
2123,5,1
3372,3,0
11567,5,1
3902,2,0
5807,2,1
14135,4,1
16449,3,1
4248,5,1
1514,2,0
4830,3,0
17574,3,1
12596,3,0
6017,4,1
18825,2,1
769,5,0
4413,5,1
18571,4,1
9996,4,0
16154,3,1
5636,3,0
12649,5,1
4420,4,0
3451,1,1
10645,3,1
22998,2,0
18618,5,1
22781,1,0
13166,5,0
15054,4,1
2160,3,0
5124,4,1
20784,1,0
13571,2,0
15857,3,0
13846,4,1
21105,4,1
9060,2,1
15178,2,1
648,2,1
4173,4,1
3531,2,1
15766,5,1
811,3,0
10753,2,0
5232,4,0
4865,4,0
19731,2,0
15500,4,0
4654,3,0
23194,5,1
2990,5,1
15756,1,1
9885,3,1
6613,2,1
5395,1,1
8086,1,1
3764,3,1
16069,4,0
19763,3,0
22917,2,1
3574,2,1
3395,1,1
5275,4,1
14916,3,0
19375,4,0
7859,3,0
18084,4,1
21853,5,0
9933,2,1
1956,2,0
9621,2,1
11068,4,1
13595,3,0
1049,2,0
23121,5,0
789,5,0
11689,2,1
17624,4,0
1625,3,1
10694,2,1
10638,5,0
11663,2,0
7588,4,1
1015,4,1
11861,2,1
16668,3,1
17340,1,1
3727,2,0
3799,2,1
11385,3,1
22528,4,1
23061,3,1
23204,3,1
22082,3,0
6524,4,0
16598,4,1
1048,2,1
23289,2,1
5797,1,0
9782,1,0
19100,4,1
18388,1,0
3894,3,1
1774,4,0
22908,4,1
12735,3,1
5282,5,1
14566,4,0
12978,5,0
1550,5,1
3192,5,1
8503,1,0
2520,5,0
19259,4,0
5955,5,1
4791,5,0
16182,2,1
11523,2,0
22873,1,1
13130,2,1
12466,1,1
4368,4,0
1799,4,1
21221,1,1
23418,2,0
23187,4,0
5244,3,1
11619,4,1
2604,1,0
2669,5,0
18099,1,1
6325,2,0
22044,2,0
20250,3,1
17190,1,1
5642,1,0
20405,4,0
13014,5,1
19206,5,1
21783,1,0
6713,2,0
12125,1,0
6039,2,1
23159,4,0
2827,3,1
10013,1,0
23201,5,1
13779,5,0
18073,1,1
19165,1,0
7653,1,0
1488,1,1
2622,5,0
20670,5,1
7812,1,0
7488,4,1
16624,5,0
20522,5,0
6142,4,0
12078,3,1
14853,1,0
5107,3,0
9229,5,0
23087,3,1
7768,2,1
18915,4,0
7563,3,0
12568,4,0
18430,2,0
21131,2,1
5589,4,0
20027,3,0
16161,2,1
16771,5,1
7282,2,1
11633,1,0
13068,3,0
19730,1,0
6416,4,0
22240,1,0
9299,5,1
17857,2,1
4062,2,1
8628,2,0
22203,5,0
14767,3,0
16556,4,0
13385,1,1
20632,2,1
12061,2,0
5926,5,1
8206,3,1
18863,1,0
6354,2,1
12711,4,1
5284,5,1
18405,1,0
16358,3,0
3560,4,1
18702,1,1
11683,1,1
18422,3,1
6942,1,1
10609,2,0
14938,2,1
13435,5,0
23407,1,1
2150,3,1
17550,4,1
4412,2,1
13963,4,0
22808,5,0
3320,3,0
14753,5,1
14589,5,0
11606,1,0
5272,5,1
2868,3,1
22591,2,1
6053,4,1
15661,3,1
6488,2,1
6489,3,0
23117,1,0
3354,5,0
22377,1,1
20540,4,0
12508,5,1
18869,2,0
22994,4,0
18233,3,0
1984,5,1
18266,2,1
8257,3,1
7761,3,1
4857,4,0
5028,3,0
12127,5,0
21999,1,1
22921,1,0
19505,4,1
14813,2,0
7104,3,0
21500,1,0
7717,5,1
14508,2,1
22427,3,0
2234,3,1
19734,2,1
3,3,0
23379,1,0
17670,2,1
13520,5,1
17060,3,0
4757,5,0
1061,2,1
12381,1,1
13282,5,0
14562,3,0
2113,4,1
14235,4,1
7928,3,1
478,2,1
17804,2,1
7712,3,0
9834,1,0
11929,5,1
20276,1,0
1869,4,1
16747,5,1
8645,4,1
15701,5,1
13087,1,1
7575,5,1
12060,1,1
23231,2,1
19367,4,1
14909,4,1
2601,1,1
11147,5,0
6050,1,1
11666,1,1
16082,1,1
8969,2,1
4056,1,1
5819,3,0
5692,4,0
2025,4,0
12318,4,0
8272,2,0
8014,2,0
10002,4,0
9920,2,0
13129,4,0
12360,1,0
8844,2,0
11494,1,1
6048,1,0
2848,2,0
16688,2,0
622,3,1
19805,3,0
3427,3,1
17334,3,0
12642,1,1
5350,2,1
4207,5,0
22066,3,1
15277,3,1
10712,3,0
7072,3,1
13250,2,0
7133,1,0
21385,2,0
14398,3,0
23400,3,1
13628,1,1
5977,4,1
5432,5,1
10418,3,1
4165,4,1
17721,3,0
705,3,1
1704,4,0
15979,3,1
9023,5,0
9262,5,0
10164,2,0
17162,4,1
3069,1,0
15895,3,1
6377,5,1
17483,2,1
11762,5,0
2515,4,1
5053,3,0
14528,5,1
22184,5,0
8038,3,1
2268,4,0
4573,5,1
7008,4,1
19077,4,1
10101,2,1
13210,3,0
7993,1,0
2504,3,1
6870,3,1
18163,1,1
9517,1,1
10940,2,0
21224,3,1
18741,4,0
21669,1,0
2840,3,1
2673,3,1
3880,4,1
15522,3,1
19053,1,1
10251,3,0
5655,4,0
5924,5,0
2121,1,1
18030,2,0
4144,1,0
17831,3,0
6526,1,0
7469,3,0
15053,5,1
17028,1,1
8738,1,0
15834,2,1
20018,3,1
20126,2,1
4107,1,1
17905,3,0
19843,4,0
16469,1,0
20153,1,1
4253,5,1
16524,4,0
3614,1,0
2849,5,0
14461,3,0
18891,4,0
6405,4,0
11289,5,1
7346,3,0
1179,3,1
4462,2,1
13615,3,0
16144,4,1
21332,4,0
9588,4,1
19860,4,0
14385,4,0
2675,1,1
18747,1,0
18973,1,0
7353,5,0
6578,3,0
14229,5,0
21534,2,1
4553,2,0
17001,5,0
10033,4,1
1937,1,1
23052,1,1
19626,1,1
22105,3,1
11180,3,1
1615,2,0
3104,5,0
12251,5,0
21065,1,0
19270,3,1
11266,5,1
14570,3,1
7921,2,1
19543,4,0
15434,1,1
9560,2,1
13999,5,0
4800,5,1
8639,4,1
8688,1,0
22653,4,0
17815,1,0
21709,2,1
13272,1,1
1423,5,0
754,2,1
18400,5,0
13596,4,0
4372,5,0
4826,2,1
4239,3,0
8908,3,0
10644,2,0
532,4,0
17700,5,1
3753,2,1
19107,4,1
382,2,0
13273,1,1
21796,5,0
2354,4,1
8105,3,1
17422,1,1
10284,1,0
12927,4,0
12243,1,1
13922,3,0
8393,5,0
13836,1,1
4924,3,0
3824,1,0
18367,4,1
2851,1,0
19264,5,1
9507,1,1
10128,2,0
3155,5,1
23237,5,0
15335,2,1
17564,3,1
8003,2,0
20345,3,1
14699,5,1
9091,1,0
113,5,1
17541,1,0
7690,4,0
6206,4,1
22043,2,1
3085,2,0
9333,2,0
13027,5,1
20325,2,1
19254,2,1
13442,2,1
15506,4,0
18437,4,1
12237,1,1
18760,2,0
311,3,1
7129,2,0
342,1,0
5172,2,1
6688,3,1
679,4,0
21758,1,1
18727,4,0
13251,4,0
16616,5,0
9360,2,0
11639,5,1
19048,4,0
74,4,0
20862,2,1
19388,4,0
14429,1,1
19732,4,0
9475,2,0
5135,2,1
23068,5,1
12947,3,0
5435,3,0
5233,2,1
8950,3,0
13604,5,0
15105,1,1
3408,5,1
11318,3,0
13901,3,0
23238,3,0
16937,3,0
2107,3,0
20645,5,1
1448,1,1
18823,1,0
22578,5,0
9235,3,0
12872,4,0
5932,2,1
18507,4,0
16409,1,1
6274,5,0
5287,1,1
7213,1,1
635,2,0
15231,3,0
6986,3,1
7049,1,1
14563,5,0
11579,5,0
8209,2,1
9810,4,1
13512,3,1
5177,3,0
2873,3,0
14292,1,0
18725,2,0
7443,4,1
19119,4,1
16376,1,0
7009,2,1
8524,1,1
1677,3,0
18543,5,1
11933,5,1
20711,1,1
11676,2,0
801,5,0
17913,5,1
12733,1,0
11193,3,1
23022,4,0
1228,2,0
18785,2,0
14980,4,0
15814,4,1
23325,3,1
8555,1,1
16352,1,0
4108,5,1
16414,3,1
23419,1,0
14358,1,1
15201,3,1
17971,5,1
4242,4,1
14074,3,0
2061,2,0
11065,4,0
22727,4,0
22783,4,1
20478,1,0
2118,3,0
428,1,1
21763,3,0
1314,3,1
11134,1,0
5771,3,0
12934,2,1
9374,5,1
18201,1,0
2783,1,1
12966,1,0
16948,3,0
3468,1,0
273,2,1
3810,3,1
471,1,1
1562,4,1
18168,4,1
18926,2,0
10153,3,0
13391,4,1
884,3,0
8166,2,1
837,2,0
17733,1,0
9607,5,0
6136,3,1
19713,5,1
12257,5,1
773,1,0
18584,4,1
8098,5,1
22682,4,1
5348,5,1
4796,4,0
17059,5,0
5462,2,0
293,3,0
16762,1,0
9092,1,0
5489,2,0
1249,4,0
11042,3,0
7025,2,0
21875,1,0
7286,4,1
19970,2,0
2889,1,1
19925,1,0
21107,5,0
8040,4,0
13714,4,0
1568,3,0
22658,4,1
8601,2,1
20057,5,1
11433,2,1
22709,5,0
10377,1,1
1370,3,1
14046,4,0
12721,1,0
17722,5,1
11734,2,0
8857,5,0
4848,3,0
19098,3,0
13727,5,1
4681,1,1
15338,4,1
21546,4,0
7335,2,1
10641,1,0
1924,2,1
7696,3,0
4471,5,1
578,5,1
9688,5,0
11045,4,0
8493,4,1
19497,1,1
4586,1,0
18330,3,1
10574,5,0
18314,3,0
18516,1,1
14091,3,1
2362,3,1
9833,4,0
21972,5,0
406,2,1
18537,3,1
3457,3,0
19910,2,1
12773,4,1
13557,3,0
10104,1,0
20893,1,1
8816,5,0
20924,1,1
16780,5,0
14686,1,1
9541,2,1
21032,4,0
3726,1,1
23105,1,0
16950,1,1
14582,2,1
17770,4,1
1407,5,1
8306,3,0
7151,2,1
20641,3,0
4869,3,0
3410,5,0
17555,5,0
13882,4,0
21678,3,1
18311,3,1
8242,4,1
5834,3,1
5457,1,0
14672,3,0
21837,3,1
7413,2,1
16583,5,1
18399,4,0
8431,2,1
912,5,1
23141,1,1
21210,3,1
2995,4,1
6719,4,0
16005,3,0
17004,1,0
21251,1,0
19423,4,0
22039,3,1
13524,1,0
12110,2,1
19217,5,0
9745,3,0
12299,4,1
18675,1,1
13580,2,1
8193,2,1
1786,1,0
10847,2,1
2243,5,0
19942,5,0
11353,2,0
829,4,0
2954,5,0
6334,2,1
6889,5,1
15649,3,1
3875,3,0
11630,1,1
19051,1,0
569,2,0
5005,2,0
1399,1,0
20519,1,1
21277,2,1
16322,1,1
19619,4,1
13017,3,1
9924,1,1
5308,5,1
1957,2,1
10499,1,0
9619,2,1
12202,1,0
17977,4,0
555,2,0
4110,4,1
12488,2,1
15391,5,0
18985,5,0
8590,2,0
15723,1,1
6891,1,1
15405,2,1
4948,5,0
8595,2,0
14631,1,0
23110,4,1
18360,3,1
7552,5,1
19360,4,0
15548,2,1
1152,4,1
13960,5,1
3797,5,0
21011,4,1
9991,3,0
20492,3,0
15128,3,1
3162,5,1
18112,4,0
15170,4,1
1422,1,0
2931,5,0
5378,5,1
17005,2,1
2919,5,1
13891,4,0
14636,1,0
3153,4,1
5645,2,1
3615,4,0
8682,5,0
14721,5,1
467,2,0
15898,2,1
23171,1,0
16910,4,0
7611,1,0
8854,4,0
23107,1,1
8443,1,0
15020,2,1
20567,1,0
5987,5,1
16217,1,1
10085,2,1
19949,2,0
13477,2,1
16033,4,0
20458,5,0
4128,2,1
20543,4,0
8640,2,0
8777,3,1
12075,4,1
16613,2,1
4047,1,1
20886,5,0
8566,3,0
4480,2,0
9028,2,0
6263,1,1
15426,5,0
22223,2,0
14775,2,1
20778,3,1
1020,4,1
3678,5,0
5659,5,0
18758,4,1
22129,5,0
13293,1,1
3135,3,0
17591,4,0
2596,5,1
1861,1,0
453,1,0
9567,2,0
976,1,1
1760,3,1
22477,1,1
11111,4,0
9067,4,0
15696,2,1
4925,4,1
2567,1,1
17559,1,0
1024,5,0
13032,2,1
1713,5,0
2953,2,1
7149,2,1
12245,1,0
1892,2,1
13462,2,1
19088,5,1
12657,4,1
11495,2,1
4965,5,1
659,5,1
20167,4,1
13682,2,1
18477,4,0
18575,4,1
17633,5,1
21722,3,0
4001,3,1
8559,2,0
9384,2,1
2392,4,0
9646,3,1
23071,4,0
4223,5,1
6632,1,0
21186,3,1
19284,4,1
10790,3,1
18028,1,0
14050,1,0
8188,3,0
21848,3,1
1088,4,1
11737,1,1
1046,3,1
4245,5,0
16665,3,1
16379,2,0
9486,5,1
5886,5,0
9466,3,1
15238,5,0
4647,3,0
20506,1,0
22368,2,1
13318,1,0
14012,4,1
3027,4,1
17276,5,1
13526,1,0
1540,3,0
11178,1,1
11136,1,0
5678,4,1
14599,4,0
987,4,1
10195,1,1
14557,2,0
3996,2,0
14761,3,1
5945,2,1
15964,3,1
6949,5,1
5108,4,0
16192,4,0
16618,4,0
6321,3,0
13671,4,1
12767,4,0
10227,5,0
13050,1,0
15004,5,1
7510,1,1
6994,3,0
16648,1,0
10202,4,1
15617,1,0
18773,4,0
10273,1,1
13953,5,0
10815,4,1
13076,3,0
71,5,1
20643,4,1
4455,5,0
14623,5,1
5703,3,1
5402,4,1
7308,1,0
14792,5,1
22761,1,0
21573,2,1
2390,1,0
6589,1,0
4430,2,0
19173,2,0
4542,1,0
4440,3,0
5166,1,1
20664,5,0
11438,2,0
8971,4,1
9470,5,0
14650,3,0
11015,4,1
21376,2,0
3389,2,1
17855,2,0
15387,3,0
361,3,1
8269,4,0
18714,1,0
17869,3,1
19238,1,0
4448,3,1
10511,3,0
5845,5,0
3307,2,1
14524,5,0
12822,1,1
14128,1,1
6087,3,0
1224,5,0
21427,2,1
8163,2,0
6953,5,1
4990,4,0
18307,1,1
8720,4,0
4719,1,0
12343,5,0
12227,5,1
17707,4,1
6667,1,1
5442,2,1
3382,5,1
15989,1,1
7793,2,0
5558,5,0
16720,3,0
4472,5,1
21981,4,0
12839,5,0
2798,2,1
15219,3,0
6155,3,0
6730,1,0
8133,5,1
10452,3,0
20307,5,0
9898,2,0
14393,2,1
1163,3,1
9959,4,1
9828,5,0
18310,3,1
8438,2,1
9510,5,1
7197,1,1
15968,4,1
5726,5,1
10727,4,1
1706,3,1
12347,3,0
157,5,1
1907,3,0
8223,2,0
8835,5,1
14703,4,0
13358,4,1
12645,3,0
7637,4,0
118,2,1
3242,3,0
